unit_id,name,coverage_status,coverage_note,km_total,km_lt100,km_100_199,km_200_299,km_300_399,km_400_599,km_ge600,km_dc,km_unknown,max_voltage_kv,has_any_line,frac_km_unknown_voltage
FRA-2-01,Ain,covered,,1342.737333587536,622.5706157919116,1.7458189998914828,360.38007957853324,0.0,337.79249948402946,0.0,0.0,20.248319733170312,400.0,True,0.015079881393534127
FRA-2-02,Aisne,covered,,1069.8712726865108,671.382831891264,0.0,310.7146124937824,0.0,84.59327598073834,0.0,0.0,3.1805523207260573,400.0,True,0.0029728364541834087
FRA-2-03,Allier,covered,,942.8768911635875,557.6696890867757,0.0,203.21080133885047,0.0,181.9178269085027,0.0,0.0,0.07857382945862376,400.0,True,8.333413428094224e-05
FRA-2-04,Alpes-de-Haute-Provence,covered,,745.9963296818552,297.3342928079991,90.77007463555077,312.33272277575674,0.0,0.0,0.0,0.0,45.55923946254859,225.0,True,0.061071667044230935
FRA-2-05,Hautes-Alpes,covered,,560.035565370516,316.3247978000525,11.212379540660187,160.2994022186674,0.0,0.0,0.0,0.0,72.1989858111358,225.0,True,0.12891857281129887
FRA-2-06,Alpes-Maritimes,covered,,800.5643803528509,321.53109692647854,182.19137645082452,225.8248009839233,0.0,48.604942628335685,0.0,0.0,22.412163363288876,400.0,True,0.02799545409878298
FRA-2-07,Ardèche,covered,,749.3844554612593,371.2921516144843,0.0,188.68326354539656,0.0,186.0558394132052,0.0,0.0,3.3532008881733413,400.0,True,0.004474606944054354
FRA-2-08,Ardennes,covered,,779.1099042280778,369.7282871270514,0.0,121.88774880248056,0.0,271.7586110001965,0.0,0.0,15.735257298349332,400.0,True,0.020196453944375695
FRA-2-09,Ariège,covered,,548.6906691073495,312.0405187771708,53.24848642223907,179.4176130657477,0.0,0.0,0.0,0.0,3.984050842191981,225.0,True,0.007261014386618837
FRA-2-10,Aube,covered,,1043.8635645237011,426.32432041317986,0.0,265.88075061386985,0.0,344.88454766915476,0.0,0.0,6.7739458274966164,400.0,True,0.006489301914266415
FRA-2-11,Aude,covered,,778.0475117720717,469.41528455387936,37.572589469662134,123.39715760284628,0.0,131.35565405127917,0.0,0.0,16.306826094404713,400.0,True,0.02095865078633113
FRA-2-12,Aveyron,covered,,1230.5209270693595,583.74936376262,0.0,498.0739217973904,0.0,148.4957175674687,0.0,0.0,0.20192394188022889,400.0,True,0.00016409630867565673
FRA-2-13,Bouches-du-Rhône,covered,,1664.8085572794694,744.115334970103,0.0,663.5393595623299,0.0,228.03238873649565,0.0,0.0,29.12147401054055,400.0,True,0.01749238606637698
FRA-2-14,Calvados,covered,,781.992174201705,499.3915457823745,0.0,142.0629386670485,0.0,103.46753215654337,0.0,25.80619841779663,11.263959177942006,400.0,True,0.014404184018133934
FRA-2-15,Cantal,covered,,741.1491721170141,323.6035790265116,0.0,313.5815235032253,0.0,99.13623932198692,0.0,0.0,4.8278302652901885,400.0,True,0.006513979164950023
FRA-2-16,Charente,covered,,884.6457574104497,598.8229636707073,0.0,201.04311778169952,0.0,84.77967595804293,0.0,0.0,0.0,400.0,True,0.0
FRA-2-17,Charente-Maritime,covered,,1066.8984298023606,662.7990721859444,0.0,285.27677331628934,0.0,118.76692713108008,0.0,0.0,0.05565716904665853,400.0,True,5.2167261186211355e-05
FRA-2-18,Cher,covered,,957.7236305007615,476.34945917121934,0.0,174.35182638556444,0.0,278.5006696157226,0.0,0.0,28.521675328255093,400.0,True,0.02978069499375521
FRA-2-19,Corrèze,covered,,1055.90017099971,502.6006657919563,0.0,374.84432883997164,0.0,136.74325247773618,0.0,0.0,41.71192389004599,400.0,True,0.0395036624064127
FRA-2-21,Côte-d'Or,covered,,1506.3180946204172,784.5885323652278,0.0,321.6655476268928,0.0,381.05039121362427,0.0,0.0,19.013623414672278,400.0,True,0.012622581832201645
FRA-2-22,Côtes-d'Armor,covered,,1114.4447129023463,730.9022036256291,0.0,301.4212204060463,0.0,57.392292105446494,0.0,0.0,24.72899676522425,400.0,True,0.022189523157970365
FRA-2-23,Creuse,covered,,851.4264680946618,305.94886589029966,0.0,295.15698243194464,0.0,149.34211140083357,0.0,0.0,100.97850837158383,400.0,True,0.11859921221095632
FRA-2-24,Dordogne,covered,,882.6386576961376,676.1681158119724,0.0,176.8929563736236,0.0,26.47491526465522,0.0,0.0,3.102670245886271,400.0,True,0.0035152213409560575
FRA-2-25,Doubs,covered,,960.7606225563493,554.8365869176381,0.0,268.70709708770255,0.0,134.44074476250495,0.0,0.0,2.7761937885036847,400.0,True,0.002889579072377999
FRA-2-26,Drôme,covered,,825.1940487533996,501.5204089373722,0.0,229.12789754157467,0.0,94.00614533375895,0.0,0.0,0.539596940693767,400.0,True,0.0006539030928651544
FRA-2-27,Eure,covered,,980.9214005093711,516.3390634567203,0.0,289.34617445539135,0.0,164.7293215600315,0.0,0.0,10.50684103722792,400.0,True,0.010711195649082532
FRA-2-28,Eure-et-Loir,covered,,724.4909651047525,454.19777673277963,0.0,216.53648639845034,0.0,40.75723513208631,0.0,0.0,12.999466841436298,400.0,True,0.017942897106462515
FRA-2-29,Finistère,covered,,1318.2296240512267,803.9327655946131,0.0,382.46079203524073,0.0,91.84863366452747,0.0,0.0,39.98743275684551,400.0,True,0.030334193699846322
FRA-2-2A,Corse-du-Sud,not_covered,RTE's transmission network covers continental France; Corsica and the overseas departments are run by EDF SEI and are not in this source,,,,,,,,,,,,
FRA-2-2B,Haute-Corse,not_covered,RTE's transmission network covers continental France; Corsica and the overseas departments are run by EDF SEI and are not in this source,,,,,,,,,,,,
FRA-2-30,Gard,covered,,1058.9851034542703,554.8538484768927,0.0,283.4955521369208,0.0,211.13468651815072,0.0,0.0,9.501016322305983,400.0,True,0.008971813004087514
FRA-2-31,Haute-Garonne,covered,,1386.636963022724,801.4743764625915,48.971642230264465,316.07832524754883,0.0,196.11856071978616,0.0,0.0,23.994058362532883,400.0,True,0.017303778135430874
FRA-2-32,Gers,covered,,459.462229610972,392.0917911245107,0.0,66.31773238744583,0.0,1.0527060990154267,0.0,0.0,0.0,400.0,True,0.0
FRA-2-33,Gironde,covered,,2028.7892297405283,1246.3525487711313,0.0,431.8510078334825,0.0,309.68313703740904,0.0,0.0,40.902536098505465,400.0,True,0.020161057392707418
FRA-2-34,Hérault,covered,,1056.9260650181604,588.6606603546036,0.0,309.6613515430403,0.0,153.72164008723203,0.0,0.0,4.882413033284445,400.0,True,0.004619446141864761
FRA-2-35,Ille-et-Vilaine,covered,,1036.7962204197831,676.7302437869172,0.0,162.01760872439624,0.0,195.20128291039904,0.0,0.0,2.8470849980705544,400.0,True,0.0027460410657340287
FRA-2-36,Indre,covered,,1199.082752265114,543.0152871173651,0.0,385.8602012351455,0.0,217.53143136805534,0.0,0.0,52.67583254454825,400.0,True,0.043930106112394285
FRA-2-37,Indre-et-Loire,covered,,761.5730361189655,524.9962852815448,0.0,35.630031317390305,0.0,193.68211606290228,0.0,0.0,7.264603457128102,400.0,True,0.009538945199726446
FRA-2-38,Isère,covered,,1894.2620258464665,879.3076174787916,0.0,518.2662330706372,0.0,468.8996653085374,0.0,0.0,27.788509988500415,400.0,True,0.014669834272839256
FRA-2-39,Jura,covered,,797.2272139356878,430.5838578392664,0.0,243.1483352256458,0.0,123.34917098002542,0.0,0.0,0.14584989075027502,400.0,True,0.00018294645265589328
FRA-2-40,Landes,covered,,1217.6726106058557,846.7478150225558,0.0,200.49425459404847,0.0,170.30770748040254,0.0,0.0,0.1228335088489877,400.0,True,0.00010087564405991822
FRA-2-41,Loir-et-Cher,covered,,748.504815059894,540.4637938487804,0.0,91.6107436983404,0.0,116.43027751277312,0.0,0.0,0.0,400.0,True,0.0
FRA-2-42,Loire,covered,,704.1712962621755,482.6413185267805,0.0,157.63569241148352,0.0,55.910142520195635,0.0,0.0,7.984142803715815,400.0,True,0.01133835310541141
FRA-2-43,Haute-Loire,covered,,638.9683946533542,401.9881653032358,0.0,229.25055270948985,0.0,0.0,0.0,0.0,7.729676640628456,225.0,True,0.0120971188955627
FRA-2-44,Loire-Atlantique,covered,,1582.511949758422,822.7493457424463,0.0,514.6026406489825,0.0,189.76253767651596,0.0,0.0,55.39742569047706,400.0,True,0.03500600782125768
FRA-2-45,Loiret,covered,,1227.468803169594,593.9752526317925,0.0,187.00926565061366,0.0,433.12032377523525,0.0,0.0,13.363961111952538,400.0,True,0.010887414064979783
FRA-2-46,Lot,covered,,319.70366806719,283.7413700490944,0.0,35.962298018095574,0.0,0.0,0.0,0.0,0.0,225.0,True,0.0
FRA-2-47,Lot-et-Garonne,covered,,683.9396150995439,461.6563928379759,0.0,124.29513881519303,0.0,96.4899250797102,0.0,0.0,1.4981583666647147,400.0,True,0.0021904833900382647
FRA-2-48,Lozère,covered,,298.2133711933034,209.65573004700033,0.0,88.55764114630304,0.0,0.0,0.0,0.0,0.0,225.0,True,0.0
FRA-2-49,Maine-et-Loire,covered,,1331.5742984077567,727.8962669753766,0.0,454.8507033469676,0.0,131.51676342644052,0.0,0.0,17.310564658972005,400.0,True,0.013000074182620742
FRA-2-50,Manche,covered,,1061.6074090703514,639.3552497613213,0.0,61.4332869410409,0.0,358.19851476052423,0.0,0.0,2.6203576074648907,400.0,True,0.0024682925016127526
FRA-2-51,Marne,covered,,1083.1941109706747,603.8987194111055,0.0,308.74036289003686,0.0,170.0393340971166,0.0,0.0,0.5156945724156184,400.0,True,0.0004760869424903842
FRA-2-52,Haute-Marne,covered,,608.406213375583,413.59851717301905,0.0,144.56251335439956,0.0,50.24518284816442,0.0,0.0,0.0,400.0,True,0.0
FRA-2-53,Mayenne,covered,,659.4814165253548,429.2376413727162,0.0,112.89284021471914,0.0,117.35093493791938,0.0,0.0,0.0,400.0,True,0.0
FRA-2-54,Meurthe-et-Moselle,covered,,1144.0378499269805,520.7939666310842,0.0,326.69887604333616,0.0,285.3500647074883,0.0,0.0,11.194942545071518,400.0,True,0.009785465180007854
FRA-2-55,Meuse,covered,,785.3749533048785,475.29706455167457,0.0,168.6909897465858,0.0,141.38689900661817,0.0,0.0,0.0,400.0,True,0.0
FRA-2-56,Morbihan,covered,,1246.2116415518929,736.5177575171971,0.0,392.0654314375111,0.0,112.3084837970426,0.0,0.0,5.319968800142099,400.0,True,0.004268912777541705
FRA-2-57,Moselle,covered,,1310.4176147179885,706.836979661761,0.0,279.70915162012267,0.0,287.85510639228187,0.0,0.0,36.01637704382293,400.0,True,0.02748465576111316
FRA-2-58,Nièvre,covered,,590.3116395542136,387.9105296832941,0.0,97.83417532599935,0.0,103.07887324132544,0.0,0.0,1.4880613035946504,400.0,True,0.0025208063061714176
FRA-2-59,Nord,covered,,1860.5135554193719,780.1972485720858,3.600474096891251,706.5176917434376,0.0,351.37357857241796,0.0,0.0,18.824562434539303,400.0,True,0.010117938877524664
FRA-2-60,Oise,covered,,1264.6799668927156,665.5529024026508,0.0,276.8382604942577,0.0,314.714999605628,0.0,0.0,7.573804390179033,400.0,True,0.005988712234279843
FRA-2-61,Orne,covered,,662.9122796613475,412.33421224745166,0.0,245.1879128558993,0.0,0.0,0.0,0.0,5.39015455799654,225.0,True,0.008131022343936865
FRA-2-62,Pas-de-Calais,covered,,1373.9475965909537,668.2168492036698,0.0,372.3097035002791,0.0,261.9220211366828,0.0,40.54908591787378,30.949936832448298,400.0,True,0.02252628623481816
FRA-2-63,Puy-de-Dôme,covered,,956.1283409318145,722.5760254956683,0.0,162.6471325482298,0.0,27.870190731726808,0.0,0.0,43.034992156189546,400.0,True,0.04500963972498599
FRA-2-64,Pyrénées-Atlantiques,covered,,1181.2197247223298,752.2445159821139,111.5231844977129,205.42437523274714,0.0,94.71145900344837,0.0,0.0,17.316190006307345,400.0,True,0.014659584194107386
FRA-2-65,Hautes-Pyrénées,covered,,871.6057356031298,440.8533437372138,163.41295225698266,179.42547244384804,0.0,56.8921073940012,0.0,0.0,31.02185977108423,400.0,True,0.03559161958659882
FRA-2-66,Pyrénées-Orientales,covered,,677.1375118418458,442.49395022479763,42.7502436833391,38.30003271108738,0.0,84.3618238534248,0.0,67.8461932593903,1.3852681098065756,400.0,True,0.0020457707416601115
FRA-2-67,Bas-Rhin,covered,,625.1126127853519,229.91123268054358,0.0,291.9769887914519,0.0,103.09606364141439,0.0,0.0,0.12832767194201505,400.0,True,0.00020528728635024293
FRA-2-68,Haute-Rhin,covered,,843.8445654213415,359.2868955703851,0.0,260.55759066520267,0.0,216.62274423289745,0.0,0.0,7.377334952856245,400.0,True,0.00874252825124572
FRA-2-69,Rhône,covered,,1048.6924181441957,550.7827306381449,0.0,262.53971403769026,0.0,151.36950742585788,0.0,0.0,84.00046604250277,400.0,True,0.08010019390733562
FRA-2-70,Haute-Saône,covered,,383.9368580376837,290.80470487906604,0.0,89.93714599416003,0.0,0.0,0.0,0.0,3.1950071644575866,225.0,True,0.008321699512746427
FRA-2-71,Saône-et-Loire,covered,,1340.5055958197745,839.1092443375921,7.227631971731885,199.1829855756202,0.0,283.2262890917991,0.0,0.0,11.75944484303118,400.0,True,0.008772395191561878
FRA-2-72,Sarthe,covered,,942.2756129162087,634.6852061406819,0.0,202.35488377053636,0.0,88.89179790147097,0.0,0.0,16.343725103519553,400.0,True,0.01734495181610193
FRA-2-73,Savoie,covered,,1445.6999846872004,652.1613895154446,37.194261908792704,326.9226137980958,0.0,310.2930631155062,0.0,97.94962271550999,21.179033633851077,400.0,True,0.014649674108168085
FRA-2-74,Haute-Savoie,covered,,984.213657505281,555.3818813852682,0.0,302.40185041790534,0.0,99.82424976172746,0.0,0.0,26.605675940379935,400.0,True,0.0270324189646161
FRA-2-75,Paris,covered,,264.4679313537533,57.52892020296473,0.0,150.891516017334,0.0,0.0,0.0,0.0,56.047495133454554,225.0,True,0.21192548694490002
FRA-2-76,Seine-Maritime,covered,,1377.8037336705397,647.8744089164579,0.0,337.7879516595686,0.0,353.0571746481084,0.0,0.0,39.08419844640483,400.0,True,0.02836702898335347
FRA-2-77,Seien-et-Marne,covered,,1678.7469186002927,724.5562169947613,0.0,429.8079851872859,0.0,507.6083634891606,0.0,0.0,16.774352929084813,400.0,True,0.009992186876548938
FRA-2-78,Yvelines,covered,,624.2884567392061,276.0282660054717,0.0,223.03840592601173,0.0,89.84610238853587,0.0,0.0,35.37568241918681,400.0,True,0.05666560391643578
FRA-2-79,Deux-Sèvres,covered,,855.4074796482082,471.24555962863485,0.0,210.47908777885485,0.0,173.61877244637418,0.0,0.0,0.06405979434435286,400.0,True,7.488804560219401e-05
FRA-2-80,Somme,covered,,1119.2064185434756,567.7760824129123,0.0,309.61749747154886,0.0,241.6329509268822,0.0,0.0,0.17988773213232576,400.0,True,0.00016072793110535403
FRA-2-81,Tarn,covered,,600.6055036303569,386.1084179256869,0.0,180.46145247665595,0.0,11.38242446298691,0.0,0.0,22.653208765027106,400.0,True,0.0377172846870365
FRA-2-82,Tarn-et-Garonne,covered,,563.069210544535,272.1200821379012,0.0,219.78533914427575,0.0,70.83950145951808,0.0,0.0,0.32428780284006814,400.0,True,0.0005759288498947664
FRA-2-83,Var,covered,,1015.3716315473798,475.6681031084496,0.0,416.0378105281002,0.0,110.37269363946079,0.0,0.0,13.293024271369266,400.0,True,0.013091782218803283
FRA-2-84,Vaucluse,covered,,560.7861515832026,398.2779606598779,0.0,134.32223241351966,0.0,25.538323331843994,0.0,0.0,2.647635177960942,400.0,True,0.0047212920120908485
FRA-2-85,Vendée,covered,,853.4707237366881,675.0907172964934,0.0,177.86892200285124,0.0,0.0,0.0,0.0,0.5110844373434239,225.0,True,0.0005988306606532213
FRA-2-86,Vienne,covered,,801.9420211907042,501.53141786572854,0.0,184.81561994270396,0.0,102.04267858338915,0.0,0.0,13.55230479888241,400.0,True,0.016899357360972648
FRA-2-87,Haute-Vienne,covered,,722.428726137276,595.33177041944,0.0,21.38382455290004,0.0,105.53215578988387,0.0,0.0,0.1809753750521426,400.0,True,0.0002505096606827808
FRA-2-88,Vosges,covered,,800.2961365608815,436.727090345375,49.656983164203204,217.79211976864872,0.0,96.11994328265455,0.0,0.0,0.0,400.0,True,0.0
FRA-2-89,Yonne,covered,,967.3230696098085,590.3669534666386,0.0,253.83126731303372,0.0,123.12484883013624,0.0,0.0,0.0,400.0,True,0.0
FRA-2-90,Territoire de Belfort,covered,,161.0299287996443,86.19511711327684,0.0,50.346064951585504,0.0,21.629010392859357,0.0,0.0,2.8597363419225976,400.0,True,0.017759036244006057
FRA-2-91,Essonne,covered,,817.9698538851121,329.7780435060299,0.0,297.80902272184375,0.0,181.80339418657405,0.0,0.0,8.579393470664435,400.0,True,0.010488642619180746
FRA-2-92,Hauts-de-Seine,covered,,501.0372108103975,125.87635928541535,0.0,151.9593604113296,0.0,0.0,0.0,0.0,223.20149111365254,225.0,True,0.4454788712252281
FRA-2-93,Seine-Saint-Denis,covered,,377.49053427251977,67.91929401451847,0.0,207.13509092147933,0.0,10.172394155776828,0.0,0.0,92.26375518074514,400.0,True,0.24441342710367844
FRA-2-94,Val-de-Marne,covered,,307.5101513481385,71.26603511196609,0.0,161.23880012534443,0.0,0.0,0.0,0.0,75.00531611082795,225.0,True,0.24391167505203074
FRA-2-95,Val-d'Oise,covered,,678.9566009512846,145.5073557210934,0.0,278.5831414904632,0.0,182.29696099743646,0.0,0.0,72.5691427422916,400.0,True,0.10688333045236638
FRA-2-971,Guadeloupe,not_covered,RTE's transmission network covers continental France; Corsica and the overseas departments are run by EDF SEI and are not in this source,,,,,,,,,,,,
FRA-2-972,Martinique,not_covered,RTE's transmission network covers continental France; Corsica and the overseas departments are run by EDF SEI and are not in this source,,,,,,,,,,,,
FRA-2-973,Guyane française,not_covered,RTE's transmission network covers continental France; Corsica and the overseas departments are run by EDF SEI and are not in this source,,,,,,,,,,,,
FRA-2-974,La Réunion,not_covered,RTE's transmission network covers continental France; Corsica and the overseas departments are run by EDF SEI and are not in this source,,,,,,,,,,,,
FRA-2-976,Mayotte,not_covered,RTE's transmission network covers continental France; Corsica and the overseas departments are run by EDF SEI and are not in this source,,,,,,,,,,,,
