unit_id,name,coverage_status,coverage_note,consumption_mwh,consumption_mwh_residential,consumption_mwh_tertiary,consumption_mwh_industry,consumption_mwh_agriculture,consumption_mwh_unknown,n_delivery_points,n_rows_without_value,data_year
FRA-2-01,Ain,covered,,5988143.9049660005,1704418.224,2536378.582833,1674557.404485,63096.072,9693.621648,391539,0,2024
FRA-2-02,Aisne,covered,,3018093.841897,1211963.3860000002,816478.685494,879749.397403,79319.56300000001,30582.809999999998,295689,6,2024
FRA-2-03,Allier,covered,,2006110.1443239998,827791.102,584438.272755,544073.204569,47856.734,1950.831,229520,0,2024
FRA-2-04,Alpes-de-Haute-Provence,covered,,1082436.840235,517763.533,348057.366082,137978.55161300002,20746.024,57891.36554,143029,0,2024
FRA-2-05,Hautes-Alpes,covered,,992243.65,462062.448,459667.838,55983.595,11868.45,2661.319,150808,1,2024
FRA-2-06,Alpes-Maritimes,covered,,6447180.661333,3038437.058,2904525.419168,482755.28916499997,5911.768,15551.127,909227,0,2024
FRA-2-07,Ardèche,covered,,1921469.569988,897399.758,493620.23174899997,514759.915239,14911.201000000001,778.4639999999999,229979,0,2024
FRA-2-08,Ardennes,covered,,1854127.940439,558744.518,362516.85292000003,887173.63268,37580.263999999996,8112.672838999999,162116,2,2024
FRA-2-09,Ariège,covered,,881157.37283,401079.784,244065.517073,158105.43525500002,11022.107,66884.529502,122361,11,2024
FRA-2-10,Aube,covered,,2008171.1825010001,746229.9970000001,578955.545,618435.757751,57349.179,7200.703750000001,188068,1,2024
FRA-2-11,Aude,covered,,2049233.591915,1034054.2609999999,698610.331924,268801.034825,40942.503,6825.461166,298796,1,2024
FRA-2-12,Aveyron,covered,,1533240.259356,683737.23,435938.172823,316978.5307,94320.052,2266.273833,207120,2,2024
FRA-2-13,Bouches-du-Rhône,covered,,15445127.467746,4522354.695,4550219.214335,2362696.197005,97096.725,3912760.636406,1264595,0,2024
FRA-2-14,Calvados,covered,,4039206.50684,1791129.426,1339765.537085,824317.142755,81936.12299999999,2058.278,484879,0,2024
FRA-2-15,Cantal,covered,,786943.681168,356431.884,227504.413168,159913.744,42217.809,875.831,115352,0,2024
FRA-2-16,Charente,covered,,2281698.992839,905378.506,632961.785512,684227.928577,57193.83899999999,1936.9337500000001,225175,3,2024
FRA-2-17,Charente-Maritime,covered,,3790921.408755,2099683.491,1163913.013004,348799.885917,103914.433,74610.585834,514499,0,2024
FRA-2-18,Cher,covered,,1709707.6358249998,800784.531,528291.227236,321656.527676,53214.301,5761.0489130000005,196643,0,2024
FRA-2-19,Corrèze,covered,,1409653.192178,649927.198,427957.453003,315805.183175,14791.83,1171.528,172761,0,2024
FRA-2-21,Côte-d'Or,covered,,3085745.273497,1149683.102,1204554.014589,674780.709908,53285.717000000004,3441.73,344178,0,2024
FRA-2-22,Côtes-d'Armor,covered,,3899932.618651,1682227.582,987349.849578,888173.2490729999,338428.456,3753.482,420265,0,2024
FRA-2-23,Creuse,covered,,563106.202493,303918.021,146869.035493,95558.919,16176.804,583.423,93190,0,2024
FRA-2-24,Dordogne,covered,,2395197.4756630003,1242215.218,645228.222,445108.18633,61894.545,751.3043329999999,290827,0,2024
FRA-2-25,Doubs,covered,,2910792.833762,1138261.353,868031.960903,831108.685265,66886.17800000001,6504.656594,332111,0,2024
FRA-2-26,Drôme,covered,,3852510.236402,1284784.616,1112883.881336,1368127.707705,81501.41500000001,5212.616361,331020,0,2024
FRA-2-27,Eure,covered,,3634641.64092,1557821.844,975768.855252,1028821.591246,53729.513000000006,18499.837422,336239,0,2024
FRA-2-28,Eure-et-Loir,covered,,2737176.1183350002,1136565.178,862870.141335,556944.825,103217.64199999999,77578.332,253838,2,2024
FRA-2-29,Finistère,covered,,5307052.608039999,2286660.354,1470443.43732,1072118.0483869999,359551.375,118279.393333,628046,0,2024
FRA-2-2A,Corse-du-Sud,covered,,984920.655,500529.159,395411.75,51571.894,5359.084999999999,32048.767,135474,0,2024
FRA-2-2B,Haute-Corse,covered,,978403.645,509359.775,373228.00099999993,55287.41,13107.028,27421.431,149378,0,2024
FRA-2-30,Gard,covered,,4518616.216073,2043082.371,1340913.9983299999,1083831.686993,49534.303,1253.85675,497669,0,2024
FRA-2-31,Haute-Garonne,covered,,6963680.390552,3087818.57,2749861.114581,998311.348478,32931.429000000004,94757.928493,903222,0,2024
FRA-2-32,Gers,covered,,1059276.368,540682.63,312927.821,122731.436,82600.931,333.55,127104,0,2024
FRA-2-33,Gironde,covered,,8826725.299066,4012031.409,3202402.7834799998,1342457.804586,218838.494,50994.808,1069625,0,2024
FRA-2-34,Hérault,covered,,5755079.429828,2937258.811,2258111.575663,456631.01,52860.41,50217.623165,876800,1,2024
FRA-2-35,Ille-et-Vilaine,covered,,6016187.132750999,2354174.039,1984234.563668,1448386.976083,221692.529,7699.025,676010,0,2024
FRA-2-36,Indre,covered,,1363115.543089,583993.327,375190.032089,368550.265,34096.61,1285.3090000000002,148347,1,2024
FRA-2-37,Indre-et-Loire,covered,,3243623.137346,1518703.528,1169128.763338,449284.502008,103465.489,3040.8549999999996,385531,2,2024
FRA-2-38,Isère,covered,,9800774.919917,2893470.824,2688289.528445,3543254.484359,43915.422999999995,631844.660113,791712,0,2024
FRA-2-39,Jura,covered,,2428432.492072,625486.058,393328.239829,1371624.345243,36892.313,1101.536,172162,0,2024
FRA-2-40,Landes,covered,,3538006.3542460003,1249460.0320000001,962431.053751,1061774.079749,158084.161,106257.027746,312850,0,2024
FRA-2-41,Loir-et-Cher,covered,,1993403.4749709999,909903.896,633888.159391,373219.487,63477.319,12914.61358,208692,0,2024
FRA-2-42,Loire,covered,,3934507.720553,1505034.376,1128135.9560749999,1142797.247228,43855.373,114684.76825,464898,0,2024
FRA-2-43,Haute-Loire,covered,,1563625.5389999999,542958.52,313904.187,654005.3489999999,51347.994,1409.489,164570,0,2024
FRA-2-44,Loire-Atlantique,covered,,8001245.618454999,3254456.778,2496022.35709,2069305.291365,174044.682,7416.509999999999,914554,0,2024
FRA-2-45,Loiret,covered,,4939498.045657,1822941.596,1371519.667907,1331995.60542,403334.38300000003,9706.79333,415027,0,2024
FRA-2-46,Lot,covered,,1044989.9248939999,521784.582,281198.14489399997,215179.028,25608.788,1219.3819999999998,132882,0,2024
FRA-2-47,Lot-et-Garonne,covered,,2027004.407009,894556.109,633286.82184,408747.187169,88453.372,1960.917,212414,0,2024
FRA-2-48,Lozère,covered,,415649.560074,185723.103,155189.156074,58810.469,15752.727,174.105,67226,0,2024
FRA-2-49,Maine-et-Loire,covered,,4607313.077827,1873262.868,1385512.455657,957145.302,232545.66100000002,158846.79116999998,475410,5,2024
FRA-2-50,Manche,covered,,3943414.4820890003,1433852.191,761578.8800049999,1535694.6940000001,166210.906,46077.811084,334538,0,2024
FRA-2-51,Marne,covered,,3972733.449686,1256805.761,1242392.31026,1369612.531426,99826.328,4096.519,346728,0,2024
FRA-2-52,Haute-Marne,covered,,1286736.1307350001,394794.423,354132.34748299996,505881.387252,29234.852,2693.121,112232,0,2024
FRA-2-53,Mayenne,covered,,2268042.228422,769143.037,449959.593343,907054.478079,141066.316,818.804,180549,0,2024
FRA-2-54,Meurthe-et-Moselle,covered,,4576424.506105,1537428.147,1277243.980419,1503475.763099,39853.130000000005,218423.485587,435708,0,2024
FRA-2-55,Meuse,covered,,1294622.122549,437947.449,400527.021013,417343.993452,37708.971,1094.6880840000001,113626,0,2024
FRA-2-56,Morbihan,covered,,4759191.219095,2061849.56,1246862.505165,1234498.41493,210546.17200000002,5434.567,552086,0,2024
FRA-2-57,Moselle,covered,,6888264.221143,2207013.052,1500554.515508,2469610.5223809998,39053.836,672032.295254,613593,7,2024
FRA-2-58,Nièvre,covered,,1234464.753017,565917.221,318992.669264,191417.41,22531.542999999998,135605.90975299999,150980,0,2024
FRA-2-59,Nord,covered,,20268086.274314,4708260.049000001,4640726.191645999,10240889.838601999,179004.014,499206.181066,1400514,2,2024
FRA-2-60,Oise,covered,,4766017.891153,1856219.475,1407090.58874,1286385.596504,34946.093,181376.137909,427723,2,2024
FRA-2-61,Orne,covered,,1859063.932933,750346.608,417321.002588,564146.822003,89383.859,37865.641341999995,178818,0,2024
FRA-2-62,Pas-de-Calais,covered,,9082347.591016,3010657.52,2394009.536663,2912218.568192,158340.836,607121.1301610001,801178,2,2024
FRA-2-63,Puy-de-Dôme,covered,,4033414.497875,1435552.754,1172597.204993,1270958.617488,68472.282,85833.639394,453088,0,2024
FRA-2-64,Pyrénées-Atlantiques,covered,,3879678.020155,1580567.844,1243247.782593,902695.641894,78686.584,74480.167668,489695,0,2024
FRA-2-65,Hautes-Pyrénées,covered,,1277781.190412,565154.056,411428.613082,271419.24932999996,27241.525999999998,2537.746,178221,2,2024
FRA-2-66,Pyrénées-Orientales,covered,,2442640.779567,1261600.321,926636.637567,222958.822,28352.159,3092.84,401381,4,2024
FRA-2-67,Bas-Rhin,covered,,7447935.688002001,2431342.903,2371594.185254,2239006.784336,62285.435000000005,343706.380412,679304,0,2024
FRA-2-68,Haute-Rhin,covered,,5153572.057773,1605387.518,1268307.369594,2033743.923275,50923.952,195209.294904,450166,1,2024
FRA-2-69,Rhône,covered,,10223767.294512,3523350.536,4065910.091836,2499051.487992,42740.004,92715.174684,1142449,0,2024
FRA-2-70,Haute-Saône,covered,,1316820.305663,545592.965,331671.828833,408104.77583,26504.033,4946.7029999999995,143948,0,2024
FRA-2-71,Saône-et-Loire,covered,,3715026.357979,1319603.575,1147673.7078220001,950578.513826,54618.788,242551.773331,352941,0,2024
FRA-2-72,Sarthe,covered,,3596872.262503,1361327.151,995919.903588,1014110.953588,105121.703,120392.551327,328504,1,2024
FRA-2-73,Savoie,covered,,6780493.628421,1364784.661,1675091.2213309999,3589438.861745,21920.155,129258.729345,389930,6,2024
FRA-2-74,Haute-Savoie,covered,,5514535.383573,2316541.0609999998,1800249.6167279999,1255818.738512,40509.918,101416.049333,632046,4,2024
FRA-2-75,Paris,covered,,12146787.009438999,3573119.455,7969278.408439,586176.634,7299.6230000000005,10912.889,1640717,1,2024
FRA-2-76,Seine-Maritime,covered,,9472101.084185,2716161.527,2254048.742166,4311033.599193,97443.815,93413.400826,742660,0,2024
FRA-2-77,Seien-et-Marne,covered,,8302423.731275,3083369.447,3691058.409302,1437480.04173,38137.064,52378.769243,743118,0,2024
FRA-2-78,Yvelines,covered,,7396270.023436,2834126.08,3152009.708434,1380762.937167,16349.041000000001,13022.256835,766125,0,2024
FRA-2-79,Deux-Sèvres,covered,,2437913.369694,1085833.018,551932.203664,642824.079649,99943.44299999998,57380.625381000005,218489,2,2024
FRA-2-80,Somme,covered,,3728117.0059020002,1243389.038,1071523.133078,1237633.885824,133981.833,41589.116,337181,3,2024
FRA-2-81,Tarn,covered,,2013901.367509,1008827.95,525462.112,416677.94750899996,42686.464,20246.894,251575,1,2024
FRA-2-82,Tarn-et-Garonne,covered,,1422738.441078,729011.516,457631.434662,182465.28058299999,51795.089,1835.120833,158022,0,2024
FRA-2-83,Var,covered,,5972787.698282,3333518.162,2158568.8307600003,279232.449,55910.632,145557.624522,850530,0,2024
FRA-2-84,Vaucluse,covered,,3526531.600875,1610999.064,1223700.424447,631759.7308449999,57861.868,2210.513583,365457,0,2024
FRA-2-85,Vendée,covered,,4565018.522908,2045330.6,1204572.832754,1147265.533154,165093.87300000002,2755.684,503863,2,2024
FRA-2-86,Vienne,covered,,2350627.884259999,1103795.7079999992,812217.30226,341078.611,62901.814,30634.449,269451,2,2024
FRA-2-87,Haute-Vienne,covered,,1913578.417954,860744.442,610825.866151,307827.13,16723.024,117457.955803,251731,3,2024
FRA-2-88,Vosges,covered,,2737098.183749,876632.9680000001,577771.845418,1174708.283258,40251.605,67733.482073,241005,2,2024
FRA-2-89,Yonne,covered,,2304492.230724,888185.811,831672.445724,542598.395,41394.032999999996,641.546,219227,0,2024
FRA-2-90,Territoire de Belfort,covered,,659736.587751,267096.377,204364.303,182339.329751,5090.4220000000005,846.156,82392,0,2024
FRA-2-91,Essonne,covered,,7119513.345422,2476645.964,3590527.947162,1028384.91068,10043.187,13911.33658,667520,0,2024
FRA-2-92,Hauts-de-Seine,covered,,7508528.674947,2445580.444,4124516.5603279998,928025.17812,385.17100000000005,10021.321499000001,965906,0,2024
FRA-2-93,Seine-Saint-Denis,covered,,6820147.039583,2233445.45,4034214.121583,544049.283,604.4590000000001,7833.726,807492,0,2024
FRA-2-94,Val-de-Marne,covered,,5620663.093366,2061859.324,2897142.108746,642257.865537,1843.478,17560.317082999998,747527,0,2024
FRA-2-95,Val-d'Oise,covered,,5065060.776424999,2224729.031,2341845.503592,485532.723,6750.525,6202.993833,602768,0,2024
FRA-2-971,Guadeloupe,covered,,1496763.7170000002,727864.121,598085.4110000001,111533.57400000001,4736.655,54543.956,234955,0,2024
FRA-2-972,Martinique,covered,,1416612.705,617354.862,590631.203,134144.595,9624.035,64858.009999999995,213004,0,2024
FRA-2-973,Guyane française,covered,,863567.323,332669.125,447513.0,45118.82,808.135,37458.243,82907,0,2024
FRA-2-974,La Réunion,covered,,2868097.381,1290188.315,1251757.859,275166.076,22956.458,28028.673000000003,432890,0,2024
FRA-2-976,Mayotte,covered,,397028.0205,209389.4618,0.0,0.0,0.0,187638.5587,53823,0,2024
