unit_id,name,coverage_status,coverage_note,installed_capacity_mw,storage_capacity_mw,capacity_nuclear_mw,capacity_fossil_mw,capacity_hydro_mw,capacity_wind_mw,capacity_solar_mw,capacity_bioenergy_mw,capacity_other_mw,n_installations,data_snapshot_date
FRA-2-01,Ain,covered,,4820.442519,38.061,3580.0,19.875,815.868,29.75,355.066519,19.883,0.0,21669,2026-07-31
FRA-2-02,Aisne,covered,,1757.4999280000002,3.739,0.0,5.656,4.451,1541.966,191.41492799999997,14.012,0.0,6539,2026-07-31
FRA-2-03,Allier,covered,,1327.25258,2.5,0.0,460.436,38.456,65.066,743.67458,19.62,0.0,10827,2026-07-31
FRA-2-04,Alpes-de-Haute-Provence,covered,,1972.15618,1.3,0.0,0.0,1445.77826,0.0,525.09292,0.935,0.35,7199,2026-07-31
FRA-2-05,Hautes-Alpes,covered,,459.252935,12.0,0.0,0.0,186.4112,0.0,269.86123499999997,2.8505,0.13,6143,2026-07-31
FRA-2-06,Alpes-Maritimes,covered,,551.82054,0.0,0.0,1.918,330.69871,0.0,180.47604,36.93679,1.791,12239,2026-07-31
FRA-2-07,Ardèche,covered,,4595.35392,0.0,3660.0,8.823,451.54305,232.1,242.18787,0.7,0.0,14624,2026-07-31
FRA-2-08,Ardennes,covered,,4764.77869,17.298,3000.0,48.707,820.853,739.623,141.08919,14.5065,0.0,3942,2026-07-31
FRA-2-09,Ariège,covered,,877.356502,0.0,0.0,13.86,726.01525,0.0,132.445252,5.036,0.0,5817,2026-07-31
FRA-2-10,Aube,covered,,4030.16432,10.899,2620.0,6.618,10.931,1100.88,268.00832,23.727,0.0,6033,2026-07-31
FRA-2-11,Aude,covered,,1306.772845,12.449,0.0,19.5096,134.28116,557.00787,593.664215,2.31,0.0,15802,2026-07-31
FRA-2-12,Aveyron,covered,,3300.90053,2.478,0.0,9.522,2383.653,348.978,556.51553,2.232,0.0,12409,2026-07-31
FRA-2-13,Bouches-du-Rhône,covered,,4400.821,1.25,0.0,2550.6506,575.007,63.65,944.67296,266.43044,0.41,36608,2026-07-31
FRA-2-14,Calvados,covered,,337.64837,14.345,0.0,19.036,4.395,158.862,147.78537,7.57,0.0,8228,2026-07-31
FRA-2-15,Cantal,covered,,952.04584,5.0,0.0,0.0,450.587,132.2,368.88234,0.3765,0.0,5719,2026-07-31
FRA-2-16,Charente,covered,,1039.19089,16.644,0.0,20.78,5.36338,354.992,574.47851,83.577,0.0,11782,2026-07-31
FRA-2-17,Charente-Maritime,covered,,1018.0196799999999,41.14,0.0,18.557,0.0,420.5,566.61368,12.349,0.0,23597,2026-07-31
FRA-2-18,Cher,covered,,3386.06069,4.5,2620.0,6.831,1.7792000000000001,328.755,424.24449,4.451,0.0,7412,2026-07-31
FRA-2-19,Corrèze,covered,,1838.3291000000002,0.0,0.0,0.096,1481.6265,9.0,339.0786,8.528,0.0,7249,2026-07-31
FRA-2-21,Côte-d'Or,covered,,768.09052,23.694,0.0,28.072,3.275,354.511,365.61152000000004,16.621,0.0,10859,2026-07-31
FRA-2-22,Côtes-d'Armor,covered,,1453.29852,56.502,0.0,97.332,20.04,1059.939,249.9282,23.08932,2.97,10925,2026-07-31
FRA-2-23,Creuse,covered,,441.64666,0.0,0.0,17.637,46.816,67.0,307.15765999999996,3.036,0.0,4610,2026-07-31
FRA-2-24,Dordogne,covered,,680.3836899999999,9.945,0.0,125.887,59.37075,0.0,488.96694,6.159,0.0,13619,2026-07-31
FRA-2-25,Doubs,covered,,558.7951999999999,12.261,0.0,52.767,79.46092,232.32,161.45128,32.796,0.0,12822,2026-07-31
FRA-2-26,Drôme,covered,,5382.63092,1.25,3660.0,61.677,975.669,142.718,521.12992,21.437,0.0,22529,2026-07-31
FRA-2-27,Eure,covered,,388.04171,24.567,0.0,36.017,19.08625,117.33,165.41516000000001,47.1933,3.0,7893,2026-07-31
FRA-2-28,Eure-et-Loir,covered,,1247.890332,13.903,0.0,12.206,0.685,841.041,366.650332,27.308,0.0,6473,2026-07-31
FRA-2-29,Finistère,covered,,1739.10422,121.515,0.0,1238.763,6.757,222.3,246.35322,23.507,1.424,14240,2026-07-31
FRA-2-2A,Corse-du-Sud,covered,,359.40368,0.0,0.0,176.3,108.267,0.0,74.83667999999999,0.0,0.0,2970,2026-07-31
FRA-2-2B,Haute-Corse,covered,,590.90163,4.898,0.0,237.0,112.389,29.7,209.48763,2.325,0.0,3357,2026-07-31
FRA-2-30,Gard,covered,,1087.66492,8.274,0.0,39.851,384.1615,11.5,641.60242,10.55,0.0,32190,2026-07-31
FRA-2-31,Haute-Garonne,covered,,1215.4303200000002,15.756,0.0,41.178,284.623,45.32,756.13532,88.174,0.0,40227,2026-07-31
FRA-2-32,Gers,covered,,433.87458000000004,2.822,0.0,0.0,5.0956,0.0,425.82898,2.95,0.0,10903,2026-07-31
FRA-2-33,Gironde,covered,,5109.846461,113.783,3640.0,85.36275,2.7578,0.0,1283.475911,98.25,0.0,41924,2026-07-31
FRA-2-34,Hérault,covered,,1167.71351,6.53,0.0,42.437,127.948,349.4792,620.1703100000001,27.087,0.592,42248,2026-07-31
FRA-2-35,Ille-et-Vilaine,covered,,997.46217,71.29,0.0,107.072,0.12064,226.145,394.62353,29.021,240.48,18467,2026-07-31
FRA-2-36,Indre,covered,,853.29826,1.25,0.0,10.854,93.47775999999999,369.544,377.9135,1.509,0.0,5428,2026-07-31
FRA-2-37,Indre-et-Loire,covered,,4063.92623,35.866,3620.0,77.6526,0.468,0.0,345.39263,20.413,0.0,8808,2026-07-31
FRA-2-38,Isère,covered,,7286.596083,24.358,2670.0,180.524,3858.553,2.7,524.151083,50.668,0.0,36946,2026-07-31
FRA-2-39,Jura,covered,,735.2722000000001,9.05,0.0,201.538,370.27759999999995,19.5,139.5036,4.453,0.0,7590,2026-07-31
FRA-2-40,Landes,covered,,1574.268605,87.865,0.0,58.074,2.495,0.0,1398.959605,114.74,0.0,25822,2026-07-31
FRA-2-41,Loir-et-Cher,covered,,2235.36533,21.624,1830.0,16.25,0.4799,53.1,324.04242999999997,10.613,0.88,6063,2026-07-31
FRA-2-42,Loire,covered,,490.59349,37.21,0.0,41.455,116.141,17.0,310.57448999999997,5.423,0.0,22039,2026-07-31
FRA-2-43,Haute-Loire,covered,,412.1299,4.05,0.0,3.437,90.06082,69.0,244.67108,4.961,0.0,9827,2026-07-31
FRA-2-44,Loire-Atlantique,covered,,3547.96202,159.382,0.0,1898.00972,0.0,1050.08568,580.61562,15.601,3.65,29550,2026-07-31
FRA-2-45,Loiret,covered,,4394.30415,26.011,3560.0,112.388,0.0,269.684,412.67015000000004,39.313,0.249,10406,2026-07-31
FRA-2-46,Lot,covered,,294.36091999999996,0.0,0.0,0.0,58.885,0.0,231.35891999999998,4.117,0.0,7298,2026-07-31
FRA-2-47,Lot-et-Garonne,covered,,751.74894,3.65,0.0,54.103,63.858,0.0,632.90394,0.884,0.0,15043,2026-07-31
FRA-2-48,Lozère,covered,,371.1057,4.6,0.0,0.0,178.105,79.99,105.2467,7.764,0.0,2530,2026-07-31
FRA-2-49,Maine-et-Loire,covered,,812.1655999999999,13.984,0.0,19.509,0.35,236.2,528.8516,27.255,0.0,21374,2026-07-31
FRA-2-50,Manche,covered,,4688.9616,23.973,4280.0,62.185,1.54936,153.596,174.07564,17.5556,0.0,8301,2026-07-31
FRA-2-51,Marne,covered,,2016.3522600000001,248.728,0.0,40.346,1.782,1565.257,378.76576,30.2015,0.0,8804,2026-07-31
FRA-2-52,Haute-Marne,covered,,756.82088,10.589,0.0,15.17,5.138,522.95,199.68228,13.880600000000001,0.0,3666,2026-07-31
FRA-2-53,Mayenne,covered,,491.79892,10.874,0.0,7.756,7.362,230.157,223.56192000000001,22.962,0.0,8535,2026-07-31
FRA-2-54,Meurthe-et-Moselle,covered,,1611.3295500000002,42.939,0.0,1095.6633900000002,41.262,127.82,308.92465999999996,37.6595,0.0,11934,2026-07-31
FRA-2-55,Meuse,covered,,946.63362,15.019,0.0,40.021,4.3255,596.329,298.18811999999997,7.77,0.0,4386,2026-07-31
FRA-2-56,Morbihan,covered,,847.15178,28.003,0.0,27.0418,5.97984,493.405,304.36514,16.36,0.0,14756,2026-07-31
FRA-2-57,Moselle,covered,,7733.254877,150.677,5200.0,1603.976,25.66,434.355,421.282077,46.631800000000005,1.35,15314,2026-07-31
FRA-2-58,Nièvre,covered,,482.15638,10.36,0.0,7.846,14.61,52.0,403.46038,4.24,0.0,4702,2026-07-31
FRA-2-59,Nord,covered,,8682.76307,90.251,5460.0,2130.623,0.0,531.451,468.54577,85.5523,6.591,23560,2026-07-31
FRA-2-60,Oise,covered,,979.2511920000001,9.886,0.0,35.519,0.0,643.59384,279.837352,20.301,0.0,7001,2026-07-31
FRA-2-61,Orne,covered,,220.02057000000002,15.291,0.0,13.957,8.959,53.28,128.48357,15.341,0.0,5196,2026-07-31
FRA-2-62,Pas-de-Calais,covered,,2074.68379,14.794,0.0,134.982,0.642,1691.90012,199.64037,47.5193,0.0,17895,2026-07-31
FRA-2-63,Puy-de-Dôme,covered,,572.2035400000001,21.128,0.0,9.743,87.186,98.359,355.52564,21.3899,0.0,19143,2026-07-31
FRA-2-64,Pyrénées-Atlantiques,covered,,1011.241135,5.739,0.0,95.613,433.57854,0.0,452.564595,29.485,0.0,20392,2026-07-31
FRA-2-65,Hautes-Pyrénées,covered,,915.0677099999999,0.0,0.0,25.091,724.49572,0.0,162.59098999999998,2.89,0.0,6108,2026-07-31
FRA-2-66,Pyrénées-Orientales,covered,,876.67782,20.0,0.0,38.79,77.37872,199.0,541.6091,19.9,0.0,22863,2026-07-31
FRA-2-67,Bas-Rhin,covered,,1307.248988,4.964,0.0,126.521,720.372,26.4,392.513788,39.5922,1.85,18618,2026-07-31
FRA-2-68,Haute-Rhin,covered,,1149.117676,7.795,0.0,67.004,647.2865,0.0,415.80537599999997,18.96,0.061799999999999994,15331,2026-07-31
FRA-2-69,Rhône,covered,,741.45557,16.914,0.0,110.069,200.392,12.0,387.49757,27.947,3.55,27543,2026-07-31
FRA-2-70,Haute-Saône,covered,,255.56994,1.489,0.0,12.694,10.3243,100.125,119.32964,13.097,0.0,6626,2026-07-31
FRA-2-71,Saône-et-Loire,covered,,484.50065,14.661,0.0,36.8456,3.371,12.0,429.85805,2.426,0.0,15185,2026-07-31
FRA-2-72,Sarthe,covered,,572.7683000000001,33.738,0.0,32.136,2.011,110.52,411.3563,15.995,0.75,11493,2026-07-31
FRA-2-73,Savoie,covered,,3992.933897,19.889,0.0,42.232,3827.1648,0.0,114.390097,9.147,0.0,11651,2026-07-31
FRA-2-74,Haute-Savoie,covered,,642.518711,7.966,0.0,27.1885,446.85212,0.0,147.08709100000002,21.391,0.0,19148,2026-07-31
FRA-2-75,Paris,covered,,10.12671,0.0,0.0,3.216,0.0,0.0,6.91071,0.0,0.0,197,2026-07-31
FRA-2-76,Seine-Maritime,covered,,10347.53992,44.289,7980.0,666.002,0.0,1439.983,181.64791999999997,79.907,0.0,9903,2026-07-31
FRA-2-77,Seien-et-Marne,covered,,1534.51186,61.327,0.0,1093.903,11.3845,73.322,272.75602000000003,83.14634,0.0,11837,2026-07-31
FRA-2-78,Yvelines,covered,,240.48973999999998,30.748,0.0,58.051,9.699,17.0,110.02674,45.253,0.46,6665,2026-07-31
FRA-2-79,Deux-Sèvres,covered,,1126.578386,2.5,0.0,16.777,0.384,593.08,510.365386,5.972,0.0,12684,2026-07-31
FRA-2-80,Somme,covered,,2683.7979389999996,13.166,0.0,120.736,0.21,2394.602,130.15493899999998,38.095,0.0,6633,2026-07-31
FRA-2-81,Tarn,covered,,1076.174531,2.316,0.0,44.55,256.303,312.799,457.03333100000003,5.2542,0.235,17557,2026-07-31
FRA-2-82,Tarn-et-Garonne,covered,,3109.05847,10.322,2620.0,13.52,91.927,0.0,371.37347000000005,12.238,0.0,10241,2026-07-31
FRA-2-83,Var,covered,,848.4664200000001,0.0,0.0,29.407,59.2975,48.4,664.7509200000001,45.951,0.66,30654,2026-07-31
FRA-2-84,Vaucluse,covered,,1037.2329,1.239,0.0,31.8498,541.7745,9.6,438.6702,15.1984,0.14,18578,2026-07-31
FRA-2-85,Vendée,covered,,1603.7260700000002,41.522,0.0,31.837,2.142,844.836,704.0200699999999,19.481,1.41,31876,2026-07-31
FRA-2-86,Vienne,covered,,4297.09667,10.739,2990.0,15.167,25.393,672.761,585.7236700000001,8.052,0.0,11498,2026-07-31
FRA-2-87,Haute-Vienne,covered,,715.1527199999999,10.0,0.0,26.362,129.3904,181.58,360.77032,17.05,0.0,9895,2026-07-31
FRA-2-88,Vosges,covered,,446.52209000000005,43.449,0.0,61.641,41.593239999999994,121.2,151.57835,70.3345,0.175,10085,2026-07-31
FRA-2-89,Yonne,covered,,834.04122,17.842,0.0,28.499,40.183,456.083,305.17422000000005,4.102,0.0,6003,2026-07-31
FRA-2-90,Territoire de Belfort,covered,,82.08305,3.597,0.0,6.53,0.099,0.0,65.98405,9.47,0.0,2561,2026-07-31
FRA-2-91,Essonne,covered,,311.32090999999997,7.478,0.0,126.904,0.0,59.8,87.65091000000001,36.966,0.0,7356,2026-07-31
FRA-2-92,Hauts-de-Seine,covered,,347.28984,0.22,0.0,281.363,0.0,0.0,18.42684,47.5,0.0,1424,2026-07-31
FRA-2-93,Seine-Saint-Denis,covered,,217.89337,0.0,0.0,176.646,0.0,0.0,20.77237,20.475,0.0,2847,2026-07-31
FRA-2-94,Val-de-Marne,covered,,535.40661,0.0,0.0,409.262,0.0,0.0,21.24461,104.9,0.0,2596,2026-07-31
FRA-2-95,Val-d'Oise,covered,,138.48447,0.0,0.0,32.246,0.0,0.0,53.25747,49.856,3.125,4505,2026-07-31
FRA-2-971,Guadeloupe,covered,,634.0097099999999,5.0,0.0,301.2,45.5,57.125,118.35970999999999,97.175,14.65,2873,2026-07-31
FRA-2-972,Martinique,covered,,694.34337,12.0,0.0,428.7,71.7,14.0,135.36137,44.582,0.0,2922,2026-07-31
FRA-2-973,Guyane française,covered,,500.86651,10.358,0.0,247.57225,153.61,0.0,82.65226,17.032,0.0,341,2026-07-31
FRA-2-974,La Réunion,covered,,1205.77657,9.898,0.0,249.0,173.491,43.425,304.50257,435.358,0.0,10578,2026-07-31
FRA-2-976,Mayotte,covered,,35.7,0.0,0.0,35.7,0.0,0.0,0.0,0.0,0.0,2,2026-07-31
