record_id,name_public,commune_insee,unit_id,naf_code,selection_rule,lon,lat,coord_source,coord_precision,ref,checked_at,checked_by
0003012388,OVH,67482,FRA-2-67,63,operator_list,7.763969980010925,48.57933531919307,georisques,city,https://www.georisques.gouv.fr/risques/installations/donnees/details/0003012388,2026-10-10,script:build_icpe_georisques
0003013878,IKOULA DATA CENTER,51454,FRA-2-51,62,name,4.034739268606057,49.23367113668735,georisques,city,https://www.georisques.gouv.fr/risques/installations/donnees/details/0003013878,2026-10-10,script:build_icpe_georisques
0003014542,NLIGHTEN FRANCE,67218,FRA-2-67,61,operator_list,7.736907621594773,48.5204255821767,georisques,city,https://www.georisques.gouv.fr/risques/installations/donnees/details/0003014542,2026-10-10,script:build_icpe_georisques
0003200979,OP CORE,69123,FRA-2-69,,operator_list,4.889985934726335,45.73873498412496,georisques,city,https://www.georisques.gouv.fr/risques/installations/donnees/details/0003200979,2026-10-10,script:build_icpe_georisques
0005803742,ELECTRICITE DE FRANCE,27701,FRA-2-27,63,site_list,1.183862339513779,49.257370586062706,georisques,city,https://www.georisques.gouv.fr/risques/installations/donnees/details/0005803742,2026-10-10,script:build_icpe_georisques
0006402237,INTERXION MRS1,13055,FRA-2-13,63,operator_list,5.373349942399711,43.31036940296401,georisques,city,https://www.georisques.gouv.fr/risques/installations/donnees/details/0006402237,2026-10-10,script:build_icpe_georisques
0006413104,Digital Realty France (INTERXION) MRS2,13055,FRA-2-13,,operator_list,5.345153056317181,43.33947818001467,georisques,city,https://www.georisques.gouv.fr/risques/installations/donnees/details/0006413104,2026-10-10,script:build_icpe_georisques
0006413566,Digital Realty (INTERXION) MRS3,13055,FRA-2-13,,operator_list,5.344959602761955,43.33957237371196,georisques,city,https://www.georisques.gouv.fr/risques/installations/donnees/details/0006413566,2026-10-10,script:build_icpe_georisques
0006413799,Digital Realty (INTERXION) MRS4,13055,FRA-2-13,63,operator_list,5.366942517906821,43.297793265516006,georisques,city,https://www.georisques.gouv.fr/risques/installations/donnees/details/0006413799,2026-10-10,script:build_icpe_georisques
0006503226,BULL SAS,78165,FRA-2-78,62,site_list,1.9807088516669877,48.82812483428556,georisques,city,https://www.georisques.gouv.fr/risques/installations/donnees/details/0006503226,2026-10-10,script:build_icpe_georisques
0006508698,NLIGHTEN FRANCE RE,77258,FRA-2-77,63,operator_list,2.636065938330593,48.83339860234274,georisques,city,https://www.georisques.gouv.fr/risques/installations/donnees/details/0006508698,2026-10-10,script:build_icpe_georisques
0006512161,COLT DATA CENTRE SERVICES FRANCE,91692,FRA-2-91,61,name,2.1970517692885285,48.674662876664186,georisques,city,https://www.georisques.gouv.fr/risques/installations/donnees/details/0006512161,2026-10-10,script:build_icpe_georisques
0006512960,ALBIAN-IT,77018,FRA-2-77,62,operator_list,2.8002702738176013,48.84558482142359,georisques,city,https://www.georisques.gouv.fr/risques/installations/donnees/details/0006512960,2026-10-10,script:build_icpe_georisques
0006513113,AZUR DATACENTER,77146,FRA-2-77,,name,2.6422304405714225,48.82246307805781,georisques,city,https://www.georisques.gouv.fr/risques/installations/donnees/details/0006513113,2026-10-10,script:build_icpe_georisques
0006513131,TELEHOUSE EUROPE,78356,FRA-2-78,61,operator_list,2.0799276333987917,48.7266354758076,georisques,city,https://www.georisques.gouv.fr/risques/installations/donnees/details/0006513131,2026-10-10,script:build_icpe_georisques
0006513144,ALBIANT- IT,77251,FRA-2-77,62,operator_list,2.5536115596051454,48.62115792178129,georisques,city,https://www.georisques.gouv.fr/risques/installations/donnees/details/0006513144,2026-10-10,script:build_icpe_georisques
0006513891,NLIGHTEN FRANCE,77169,FRA-2-77,62,operator_list,2.587043862197304,48.82908438103796,georisques,city,https://www.georisques.gouv.fr/risques/installations/donnees/details/0006513891,2026-10-10,script:build_icpe_georisques
0006514850,INTERXION FRANCE,93027,FRA-2-93,63,operator_list,2.4022250846714033,48.92498141251622,georisques,city,https://www.georisques.gouv.fr/risques/installations/donnees/details/0006514850,2026-10-10,script:build_icpe_georisques
0006516331,COLT TELECOMMUNICATIONS FRANCE,75056,FRA-2-75,61,operator_list,2.3072464919359685,48.88454929816294,georisques,city,https://www.georisques.gouv.fr/risques/installations/donnees/details/0006516331,2026-10-10,script:build_icpe_georisques
0006523747,INTERXION France,93027,FRA-2-93,63,operator_list,2.396736303356157,48.92756184628891,georisques,city,https://www.georisques.gouv.fr/risques/installations/donnees/details/0006523747,2026-10-10,script:build_icpe_georisques
0006601111,IBM,34172,FRA-2-34,62,site_list,3.906275843760038,43.61763783329837,georisques,city,https://www.georisques.gouv.fr/risques/installations/donnees/details/0006601111,2026-10-10,script:build_icpe_georisques
0006705644,1&1 DATACENTER SAS,67327,FRA-2-67,62,name,8.128074524843168,48.97155411080053,georisques,city,https://www.georisques.gouv.fr/risques/installations/donnees/details/0006705644,2026-10-10,script:build_icpe_georisques
0006806722,ALBIANT-IT,81065,FRA-2-81,62,operator_list,2.243922945869578,43.61103910582091,georisques,city,https://www.georisques.gouv.fr/risques/installations/donnees/details/0006806722,2026-10-10,script:build_icpe_georisques
0006806723,ALBIANT-IT,81120,FRA-2-81,62,operator_list,2.2601385427124807,43.503096569968825,georisques,city,https://www.georisques.gouv.fr/risques/installations/donnees/details/0006806723,2026-10-10,script:build_icpe_georisques
0007404411,GLOBAL SWITCH (PARIS),92024,FRA-2-92,63,operator_list,2.29504347428358,48.90053106465814,georisques,city,https://www.georisques.gouv.fr/risques/installations/donnees/details/0007404411,2026-10-10,script:build_icpe_georisques
0007404508,EQUINIX FRANCE PA7,92026,FRA-2-92,63,operator_list,2.2574403895234045,48.904009039324755,georisques,city,https://www.georisques.gouv.fr/risques/installations/donnees/details/0007404508,2026-10-10,script:build_icpe_georisques
0007404608,INTERXION FRANCE,93001,FRA-2-93,63,operator_list,2.370442914963589,48.90676068207519,georisques,city,https://www.georisques.gouv.fr/risques/installations/donnees/details/0007404608,2026-10-10,script:build_icpe_georisques
0007404609,INTERXION FRANCE,93001,FRA-2-93,63,operator_list,2.3716314693646807,48.90323263532244,georisques,city,https://www.georisques.gouv.fr/risques/installations/donnees/details/0007404609,2026-10-10,script:build_icpe_georisques
0007405506,TELEHOUSE EUROPE (i 5637),75056,FRA-2-75,61,operator_list,2.383948008761964,48.85611779468896,georisques,city,https://www.georisques.gouv.fr/risques/installations/donnees/details/0007405506,2026-10-10,script:build_icpe_georisques
0007405589,INTERXION FRANCE,93066,FRA-2-93,63,operator_list,2.362587163674319,48.91437223087636,georisques,city,https://www.georisques.gouv.fr/risques/installations/donnees/details/0007405589,2026-10-10,script:build_icpe_georisques
0007407362,EQUINIX France,93066,FRA-2-93,63,operator_list,2.3519797854053404,48.92797566505411,georisques,city,https://www.georisques.gouv.fr/risques/installations/donnees/details/0007407362,2026-10-10,script:build_icpe_georisques
0007408135,EQUINIX France,93001,FRA-2-93,63,operator_list,2.371591090267647,48.903187457909716,georisques,city,https://www.georisques.gouv.fr/risques/installations/donnees/details/0007408135,2026-10-10,script:build_icpe_georisques
0007408417,INTERXION FRANCE,93066,FRA-2-93,63,operator_list,2.3625904677921263,48.914102457541624,georisques,city,https://www.georisques.gouv.fr/risques/installations/donnees/details/0007408417,2026-10-10,script:build_icpe_georisques
0007408791,EQUINIX France,93001,FRA-2-93,63,operator_list,2.3681504689823485,48.91017497228303,georisques,city,https://www.georisques.gouv.fr/risques/installations/donnees/details/0007408791,2026-10-10,script:build_icpe_georisques
0007409067,INTERXION FRANCE,92050,FRA-2-92,,operator_list,2.211863420648509,48.895857658582756,georisques,city,https://www.georisques.gouv.fr/risques/installations/donnees/details/0007409067,2026-10-10,script:build_icpe_georisques
0007409817,EQUINIX FRANCE SAS,93055,FRA-2-93,63,operator_list,2.421796892116893,48.9002567944465,georisques,city,https://www.georisques.gouv.fr/risques/installations/donnees/details/0007409817,2026-10-10,script:build_icpe_georisques
0010013537,DATA CENTER ORANGE,28229,FRA-2-28,,name,1.4303903692320867,48.44640237369042,georisques,city,https://www.georisques.gouv.fr/risques/installations/donnees/details/0010013537,2026-10-10,script:build_icpe_georisques
0100004871,OP CORE site DC5,95572,FRA-2-95,63,operator_list,2.1362322169108343,49.05275452017231,georisques,city,https://www.georisques.gouv.fr/risques/installations/donnees/details/0100004871,2026-10-10,script:build_icpe_georisques
0100021020,OVH,59273,FRA-2-59,,operator_list,2.156421314696197,51.01771860441898,georisques,city,https://www.georisques.gouv.fr/risques/installations/donnees/details/0100021020,2026-10-10,script:build_icpe_georisques
0100029253,OP CORE,94081,FRA-2-94,,operator_list,2.4130266920443213,48.79493588088211,georisques,city,https://www.georisques.gouv.fr/risques/installations/donnees/details/0100029253,2026-10-10,script:build_icpe_georisques
0100052614,THESEE DATA CENTER,78029,FRA-2-78,62,name,1.8403982140950987,48.96576564207875,georisques,city,https://www.georisques.gouv.fr/risques/installations/donnees/details/0100052614,2026-10-10,script:build_icpe_georisques
0100287189,DATA 4 NOZAY SAS,91458,FRA-2-91,,operator_list,2.2364073185504316,48.66759043705408,georisques,city,https://www.georisques.gouv.fr/risques/installations/donnees/details/0100287189,2026-10-10,script:build_icpe_georisques
0100303015,NATION DATA CENTER NOYAL,35207,FRA-2-35,,name,-1.5379277784479146,48.11304124344467,georisques,city,https://www.georisques.gouv.fr/risques/installations/donnees/details/0100303015,2026-10-10,script:build_icpe_georisques
