fips,region_id,county_name,adequacy_ratio,deficit_severity,contention_ratio,concentration,net_summer_gen_mw,inbound_thermal_sum,import_proxy_raw,import_proxy,peak_base,existing_load_adj,peak_adj,deliverable,queue_mw_active,contention,operating_dc_load_mw,import_cap_binding,frac_lines_lookup,frac_plants_county_fallback,frac_thermal_status_unknown,n_boundary_lines,n_op_plants,n_operating_dc
51001,7b09817e-362d-46c9-bcb4-244c2da80caa,Accomack,2.9194094231382968,2.9194094231382968,0.0319317666771479,0.0,403.71,300,150.0,59.032123686066136,118.06424737213227,0.0,118.06424737213227,344.67787631393384,29.0,3.77,0.0,True,1.0,0.0,0.0,4,14,0
51003,fc30d2c6-4ddf-4149-b775-737d9c44aa26,Albemarle,0.0,-0.46194805042172526,0.0633184440982492,0.0,12.5,6350,3175.0,164.24914016937393,328.49828033874786,0.0,328.49828033874786,0.0,160.0,20.8,0.0,True,1.0,0.0,0.003937007874015748,21,1,0
51005,c15c009c-37f1-4579-b288-6e63e7eb0fa5,Alleghany,0.0,-0.24171573525054346,0.0,0.0,48.0,2150,1075.0,92.9208754675037,185.8417509350074,0.0,185.8417509350074,0.0,0.0,0.0,0.0,True,1.0,0.0,0.06976744186046512,11,4,0
51007,d04d603b-f0ed-4b6f-a3fa-75a5dae74d72,Amelia,0.1289202538180617,0.1289202538180617,0.3551852908857742,0.0,24.4,170,85.0,19.398325822607866,38.79665164521573,0.0,38.79665164521573,5.0016741773921325,106.0,13.780000000000001,0.0,True,1.0,0.0,0.29411764705882354,3,50,0
51009,b2b4eaa6-ff6f-4286-80c7-0c7a768f2819,Amherst,0.0,-0.35569748564015025,0.2490734155421272,0.0,11.9,1835,917.5,41.23282277093509,82.46564554187017,0.0,82.46564554187017,0.0,158.0,20.54,0.0,True,1.0,0.0,0.0653950953678474,21,8,0
51011,ec8649aa-7c72-4c57-8164-05ed70a926d6,Appomattox,0.0,-0.17366383702458596,0.0,0.0,15.7,290,145.0,24.054949743928354,48.10989948785671,0.0,48.10989948785671,0.0,0.0,0.0,0.0,True,1.0,0.0,0.08620689655172414,4,1,0
51013,6f94ef98-79ba-4019-81ed-9ba4ced946a3,Arlington,0.0,-0.5,0.0038472787575803305,0.0,0.0,2400,1200.0,337.90117168884564,675.8023433776913,0.0,675.8023433776913,0.0,20.0,2.6,0.0,True,1.0,0.0,0.0,6,0,0
51015,1bc0cb7e-ef5a-453f-b242-e91cb36c68a7,Augusta,0.0,-0.46511683298433637,0.2640523275362892,0.0,7.9,9385,4692.5,113.23513138088431,226.47026276176862,0.0,226.47026276176862,0.0,460.0,59.800000000000004,0.0,True,1.0,0.0,0.0,19,2,0
51017,46d75ee2-b067-453b-a3fa-9d175a2c60cb,Bath,258.4255669644972,258.4255669644972,0.0,0.0,3020.1,3025,1512.5,5.831984912509825,11.66396982501965,0.0,11.66396982501965,3014.2680150874903,0.0,0.0,0.0,True,1.0,0.0,0.0,3,7,0
51019,fa825751-e23c-4a99-b014-f27c8e6b0fca,Bedford,2.191942852647271,2.191942852647271,0.043656757839838474,0.0,601.2,5040,2520.0,111.66656071631995,223.3331214326399,0.0,223.3331214326399,489.5334392836801,75.0,9.75,0.0,True,1.0,0.0,0.00496031746031746,22,15,0
51021,e3c753b5-946a-409f-a916-6b0de0549c27,Bland,0.0,-0.5,0.0,0.0,0.0,2950,1475.0,8.102151486543212,16.204302973086424,0.0,16.204302973086424,0.0,0.0,0.0,0.0,True,1.0,0.0,0.0,6,0,0
51023,c3ccae42-f290-49b7-a27f-ae1226aaf43b,Botetourt,0.0,-0.5,0.3668923212444771,0.0,0.0,8750,4375.0,47.8696309054039,95.7392618108078,0.0,95.7392618108078,0.0,270.2,35.126,0.0,True,1.0,0.0,0.002857142857142857,16,0,0
51025,8ea74ba0-60b6-4bf8-926d-3bb55090a9a1,Brunswick,30.083034398290387,30.083034398290387,5.523243073793519,0.0,1386.5,6265,3132.5,22.66779649696085,45.3355929939217,0.0,45.3355929939217,1363.8322035030392,1926.15,250.39950000000002,0.0,True,1.0,0.0,0.0,7,39,0
51027,6d7a1193-3aa5-4516-ae6c-88b3b452d677,Buchanan,1.177868702105392,1.177868702105392,0.39015440980801874,0.0,84.0,2950,1475.0,25.031756029120956,50.06351205824191,0.0,50.06351205824191,58.968243970879044,150.25,19.532500000000002,0.0,True,1.0,0.0,0.03389830508474576,8,2,0
51029,b7caa4d1-e10b-44fa-9831-d1bbf495f7e8,Buckingham,13.337953328778456,13.337953328778456,1.3620460938542247,0.0,661.7,1520,760.0,23.908882487118913,47.817764974237825,0.0,47.817764974237825,637.7911175128812,501.0,65.13,0.0,True,1.0,0.0,0.01644736842105263,7,5,0
51031,62957cbe-2713-42f5-8b9d-250ef80b26c2,Campbell,0.8262181546898484,0.8262181546898484,0.32581661522768157,0.0,196.0,4625,2312.5,73.89432851107247,147.78865702214495,0.0,147.78865702214495,122.1056714889275,370.4,48.152,0.0,True,1.0,0.0,0.03135135135135135,21,5,0
51033,b6c99552-35c8-4d93-b3d9-3cbc4b18cdfe,Caroline,8.097572417901597,8.097572417901597,1.290252690976647,0.0,814.0,6985,3492.5,47.338944089910456,94.67788817982091,0.0,94.67788817982091,766.6610559100895,939.68,122.1584,0.0,True,1.0,0.0,0.0,13,5,0
51035,ba2e9251-331d-4337-ad50-cff2f09f0265,Carroll,0.029512882518776686,0.029512882518776686,0.32214207384763005,0.0,40.6,4975,2487.5,38.3371220421255,76.674244084251,0.0,76.674244084251,2.262877957874508,190.0,24.7,0.0,True,1.0,0.0,0.0,13,7,0
51036,a1fa3b9e-1105-4acf-af38-050d699de3ff,Charles City,9.433780903580399,9.433780903580399,3.316094321643731,0.0,189.4,6320,3160.0,9.533127508969681,19.066255017939362,0.0,19.066255017939362,179.8668724910303,486.35,63.225500000000004,0.0,True,1.0,0.0,0.0,11,49,0
51037,f71a3bda-f446-4afc-b9b3-9867fb2874e8,Charlotte,0.04475344367358233,0.04475344367358233,4.150289802180124,0.0,17.8,2620,1310.0,16.33766633944017,32.67533267888034,0.0,32.67533267888034,1.4623336605598354,1043.17,135.61210000000003,0.0,True,1.0,0.0,0.0,8,2,0
51041,e5ab0d74-0d73-497f-bfce-a2f11b8f48be,Chesterfield,0.0,-0.11941438117481507,0.19049389990726234,0.01927845829335017,435.3,9090,4545.0,571.8818295653298,1121.7136591306596,22.05,1143.7636591306596,0.0,1676.0,217.88,22.05,True,1.0,0.0,0.04400440044004401,24,56,1
51043,04b4cd34-1799-4cb1-8df0-04fe29465aef,Clarke,0.0,-0.26408458659224904,0.1533450187150381,0.0,10.0,2400,1200.0,21.194036997311876,42.38807399462375,0.0,42.38807399462375,0.0,50.0,6.5,0.0,True,1.0,0.0,0.0,7,1,0
51045,7f26a91f-c8f5-42e2-985a-0f8fbee48edd,Craig,0.0,-0.5,0.0,0.0,0.0,925,462.5,6.95227814370651,13.90455628741302,0.0,13.90455628741302,0.0,0.0,0.0,0.0,True,1.0,0.0,0.0,2,0,0
51047,3e4ca347-cd0e-408b-ba20-5cc1a1f732f3,Culpeper,0.0,-0.5,0.13109254938823064,0.23794978387673965,0.0,4910,2455.0,104.12491071155783,158.69682142311567,49.553,208.24982142311566,0.0,210.0,27.3,49.553,True,1.0,0.0,0.0,8,0,3
51049,d3a6fef7-8e88-417a-9a0c-4b617815cc6a,Cumberland,0.0,-0.5,4.046989117410861,0.0,0.0,1730,865.0,14.23669259502748,28.47338519005496,0.0,28.47338519005496,0.0,886.396,115.23148,0.0,True,1.0,0.0,0.014450867052023121,9,0,0
51051,29b7d277-3624-44b0-b694-098cbbb1f57f,Dickenson,0.0,-0.5,0.14535859005521234,0.0,0.0,3200,1600.0,17.886799803248145,35.77359960649629,0.0,35.77359960649629,0.0,40.0,5.2,0.0,True,1.0,0.0,0.0,10,0,0
51053,ff887fd6-5517-4593-ae4f-75b5c68ba4f4,Dinwiddie,0.0,-0.4393147460824308,0.12149187834297347,0.0,5.0,9580,4790.0,41.19616939225194,82.39233878450388,0.0,82.39233878450388,0.0,77.0,10.01,0.0,True,1.0,0.0,0.0,13,1,0
51057,835adb49-2271-4df0-a204-4c7b6fc3751f,Essex,0.09811584372763305,0.09811584372763305,0.1555101193691846,0.0,20.0,825,412.5,16.719169212567706,33.43833842513541,0.0,33.43833842513541,3.2808307874322935,40.0,5.2,0.0,True,1.0,0.0,0.0,3,1,0
51059,4a8022ed-cddc-420f-bfb0-98e8f5c3071e,Fairfax,0.0,-0.4701686299004233,0.0002720786027856646,0.025322470524051715,101.2,11525,5762.5,1696.2010068963632,3306.4980137927264,85.904,3392.4020137927264,0.0,7.1,0.9229999999999999,85.904,True,1.0,0.0,0.0021691973969631237,25,6,23
51061,d5c796a4-f40c-451b-b4fa-b9939ef175cb,Fauquier,3.974955690652427,3.974955690652427,0.33230494493409557,0.12220881255820659,1105.0,10025,5012.5,123.46490964236747,216.75281928473495,30.177,246.92981928473495,981.5350903576325,631.2,82.05600000000001,30.177,True,1.0,0.0,0.0,13,8,4
51063,b8f0c5b0-f70a-4a80-8a36-c3fadfee995c,Floyd,0.0,-0.5,0.0,0.0,0.0,5250,2625.0,20.558014832686947,41.116029665373894,0.0,41.116029665373894,0.0,0.0,0.0,0.0,True,1.0,0.0,0.0,5,0,0
51065,08d05c08-a5be-4f3e-b0b0-af58aaf07461,Fluvanna,11.036782064416117,11.036782064416117,0.24856510285520214,0.0,947.3,5790,2895.0,41.05564249678592,82.11128499357184,0.0,82.11128499357184,906.244357503214,157.0,20.41,0.0,True,1.0,0.0,0.0,16,6,0
51067,ea883fad-ec23-49b5-83d9-20449cafc7b0,Franklin,0.0,-0.5,0.23617180203780316,0.0,0.0,3325,1662.5,72.93419388502129,145.86838777004257,0.0,145.86838777004257,0.0,265.0,34.45,0.0,True,1.0,0.0,0.0,8,0,0
51069,0428ebf6-4724-4667-b68f-76fd419f2d84,Frederick,0.2657140606203129,0.2657140606203129,0.24952544141969016,0.05016900942390117,223.4,10350,5175.0,145.87690855449443,277.11681710898887,14.637,291.75381710898887,77.52309144550554,560.0,72.8,14.637,True,1.0,0.0,0.0,15,6,1
51071,5882aa92-a99a-466a-bdea-1de9ccf4a774,Giles,0.0,-0.12102081681514582,0.3622595133384635,0.0,27.2,2400,1200.0,35.885876067674005,71.77175213534801,0.0,71.77175213534801,0.0,200.0,26.0,0.0,True,1.0,0.0,0.0,11,4,0
51073,0a92d62a-f580-4dda-a5df-e2cc3cb9a09a,Gloucester,0.3763520520783295,0.3763520520783295,0.2513353414482847,0.0,101.1,1675,837.5,57.682297747939515,115.36459549587903,0.0,115.36459549587903,43.41770225206048,223.04,28.9952,0.0,True,1.0,0.0,0.029850746268656716,7,11,0
51075,f84e40fb-d7e5-4a94-bcc4-6ce57db14818,Goochland,0.0,-0.4371112364955726,0.032702157022302246,0.0,5.0,3825,1912.5,39.75272943351794,79.50545886703588,0.0,79.50545886703588,0.0,20.0,2.6,0.0,True,1.0,0.0,0.0,5,1,0
51077,b742a411-64d1-49b8-a515-fa3e86cf8039,Grayson,0.0,-0.37526544369065923,0.20528813277391297,0.0,5.0,1900,950.0,20.04256137168612,40.08512274337224,0.0,40.08512274337224,0.0,63.3,8.229,0.0,True,1.0,0.0,0.0,6,4,0
51079,37594a99-dbad-4179-a2da-2e412df312e6,Greene,0.0,-0.5,0.0,0.0,0.0,100,50.0,29.389029886154134,58.77805977230827,0.0,58.77805977230827,0.0,0.0,0.0,0.0,True,1.0,0.0,1.0,4,0,0
51081,68786dfc-50cb-4584-b094-984be3fab772,Greensville,55.86524657670563,55.86524657670563,1.6672899807534154,0.0,1807.6,6445,3222.5,16.034703206168857,32.06940641233771,0.0,32.06940641233771,1791.565296793831,411.3,53.469,0.0,True,1.0,0.0,0.0,13,7,0
51083,966cf1a0-e9c7-4278-8591-f00bf62999b2,Halifax,15.309933255455498,15.309933255455498,2.1490677968438203,0.0,1450.9,2780,1390.0,45.88570921067429,91.77141842134859,0.0,91.77141842134859,1405.014290789326,1517.1,197.22299999999998,0.0,True,1.0,0.0,0.0,7,15,0
51085,efd1a9a7-dea9-4fe3-8679-40ddb4fc5d6d,Hanover,3.0412017465349077,3.0412017465349077,0.17974369985294975,0.03777476327646379,1214.0,9075,4537.5,171.41073665005223,329.87147330010447,12.95,342.82147330010446,1042.589263349948,474.0,61.620000000000005,12.95,True,1.0,0.0,0.0027548209366391185,18,10,1
51087,87bab1d0-5e18-4a8c-88d7-82a36d6740fa,Henrico,0.0,-0.1408848604638698,0.002523511791334969,0.05990331701900113,370.0,9355,4677.5,515.1551121987363,968.5912243974726,61.719,1030.3102243974727,0.0,20.0,2.6,61.719,True,1.0,0.0,0.002672367717797969,27,21,7
51089,ce68208e-d206-4662-8d9a-8b74bc8795e7,Henry,0.214468325928542,0.214468325928542,0.16104668016209026,0.0,93.2,3400,1700.0,65.22332524599659,130.44665049199318,0.0,130.44665049199318,27.976674754003398,161.6,21.008,0.0,True,1.0,0.0,0.0,15,6,0
51091,bd6f4ad6-8e0f-43bf-9645-c3715af757b3,Highland,0.4374565622825321,0.4374565622825321,0.0,0.0,6.0,1525,762.5,3.2001482742790333,6.4002965485580665,0.0,6.4002965485580665,2.799851725720967,0.0,0.0,0.0,True,1.0,0.0,0.0,2,10,0
51093,a53840f7-3652-4b2b-a211-fb99efb1c55a,Isle of Wight,1.4763644244547514,1.4763644244547514,0.4425086845753956,0.0,315.1,11060,5530.0,79.71707952771192,159.43415905542383,0.0,159.43415905542383,235.3829204722881,542.7,70.551,0.0,True,1.0,0.0,0.0,16,5,0
51095,b5bb1fa6-d536-4c34-98ce-48a963a88deb,James City,0.0,-0.3326422146933322,0.0,0.0,39.9,6740,3370.0,119.20568836067864,238.41137672135727,0.0,238.41137672135727,0.0,0.0,0.0,0.0,True,1.0,0.0,0.0,19,2,0
51097,856fd33d-1a0e-44f0-b7ae-34d0db549d62,King and Queen,0.05637985015252584,0.05637985015252584,2.4448536105377316,0.0,10.8,1625,812.5,9.705599508177094,19.41119901635419,0.0,19.41119901635419,1.0944004918229062,365.058,47.45754,0.0,True,1.0,0.0,0.0,5,36,0
51099,74c27a94-d8e0-4519-92ce-678102567e41,King George,0.0,-0.363319599949848,1.048338668384666,0.0,11.3,800,400.0,41.337309503973145,82.67461900794629,0.0,82.67461900794629,0.0,666.7,86.671,0.0,True,1.0,0.0,0.0,2,4,0
51101,24b7fee3-9296-45b4-8d25-ddc10e1d5d55,King William,0.32147955933086597,0.32147955933086597,0.0627193123870074,0.0,126.0,2120,1060.0,76.69089179932423,153.38178359864847,0.0,153.38178359864847,49.30910820067575,74.0,9.620000000000001,0.0,True,1.0,0.0,0.0,6,6,0
51103,e8a66811-ca62-4a89-96be-15a6cf7dd644,Lancaster,0.0,-0.29764542683882206,1.4214194637133784,0.0,6.5,240,120.0,16.06091697967871,32.12183395935742,0.0,32.12183395935742,0.0,351.22,45.65860000000001,0.0,True,1.0,0.0,0.0,2,2,0
51105,2eed38e0-f049-4817-adee-70e307953089,Lee,0.0,-0.5,0.0,0.0,0.0,3625,1812.5,33.30757833918128,66.61515667836257,0.0,66.61515667836257,0.0,0.0,0.0,0.0,True,1.0,0.0,0.0,11,0,0
51107,74d528c5-409f-405e-842c-950f3eef19d7,Loudoun,0.0,-0.09090532042611056,0.021522866301341707,0.3154963804049579,766.0,11480,5740.0,936.2135933885293,1281.6831867770586,590.744,1872.4271867770585,0.0,310.0,40.300000000000004,590.744,True,1.0,0.0,0.0,19,3,84
51109,153ae7f7-c0ae-470c-a74a-d943eb167148,Louisa,21.430857734716426,21.430857734716426,0.25744466947916095,0.03595778685042446,2715.3,6740,3370.0,61.905923444610536,119.35984688922107,4.452,123.81184688922107,2653.3940765553893,245.19,31.8747,4.452,True,1.0,0.0,0.0,11,16,1
51111,e0410b5c-ba71-4eb5-abf6-76707f6bc31e,Lunenburg,0.0,-0.5,2.832151958982601,0.0,0.0,2140,1070.0,17.32322301576806,34.64644603153612,0.0,34.64644603153612,0.0,754.8,98.124,0.0,True,1.0,0.0,0.0,4,0,0
51113,5f4b0915-d172-41ba-9b02-dd9fd9e7b9c9,Madison,0.0,-0.5,0.0,0.0,0.0,195,97.5,19.38151123731544,38.76302247463088,0.0,38.76302247463088,0.0,0.0,0.0,0.0,True,1.0,0.0,0.2564102564102564,4,0,0
51115,021d511f-4652-43b0-afee-5582e7caab23,Mathews,0.0,-0.5,0.0,0.0,0.0,25,12.5,12.371676490905333,24.743352981810666,0.0,24.743352981810666,0.0,0.0,0.0,0.0,True,1.0,0.0,1.0,1,0,0
51117,c79787f4-7502-4983-bce5-aad1b7d813c5,Mecklenburg,2.747589541571285,2.747589541571285,0.6595310312584646,0.40905609851676306,486.5,2980,1490.0,74.9017069079204,88.5254138158408,61.278,149.8034138158408,411.59829309207953,760.0,98.8,61.278,True,1.0,0.0,0.040268456375838924,11,12,10
51119,e0ac8ddf-ae8d-425d-b91c-1a06df1ec382,Middlesex,0.0,-0.02496520739954891,0.0,0.0,15.0,970,485.0,15.788317228182915,31.57663445636583,0.0,31.57663445636583,0.0,0.0,0.0,0.0,True,1.0,0.0,0.02577319587628866,5,1,0
51121,14e37f09-88db-48d1-a106-6f98b01125f1,Montgomery,0.0,-0.4275616526811939,0.05388174457378487,0.0,19.3,4700,2350.0,133.21673336264422,266.43346672528844,0.0,266.43346672528844,0.0,110.43,14.355900000000002,0.0,True,1.0,0.0,0.0,13,4,0
51125,766a68ca-c09d-472e-86b4-0e7d4660eb78,Nelson,0.0,-0.5,0.38556007025613437,0.0,0.0,520,260.0,19.72455289508549,39.44910579017098,0.0,39.44910579017098,0.0,117.0,15.21,0.0,True,1.0,0.0,0.04807692307692308,7,0,0
51127,348e2718-3a9b-48ad-8912-09c4f249b99b,New Kent,0.0,-0.23464863579905915,0.0,0.0,20.0,5740,2870.0,37.685881246977,75.371762493954,0.0,75.371762493954,0.0,0.0,0.0,0.0,True,1.0,0.0,0.0,13,1,0
51131,77733727-d97c-4cc7-b9d7-954e1ad8c278,Northampton,0.0,-0.016811745335366078,0.06281447310640241,0.0,20.0,50,25.0,20.695867301121986,41.39173460224397,0.0,41.39173460224397,0.0,20.0,2.6,0.0,True,1.0,0.0,0.0,1,1,0
51133,8a55e697-60d9-4a80-9df7-04b5ccaff5a4,Northumberland,0.0,-1.0,0.01821965982180895,0.0,0.0,0,0.0,0.0,35.675748414465424,0.0,35.675748414465424,0.0,5.0,0.65,0.0,False,1.0,0.0,0.0,0,0,0
51135,6fd83a24-5c89-4baa-bf76-0b43fcfddb9d,Nottoway,0.0,-0.5,0.29104685188955953,0.0,0.0,360,180.0,22.400173572308162,44.800347144616325,0.0,44.800347144616325,0.0,100.3,13.039,0.0,True,1.0,0.0,0.0,3,0,0
51137,2bc3bfea-28d7-4a91-870a-89815aed3f5d,Orange,0.04542220340881709,0.04542220340881709,0.08508586373177547,0.0,62.5,2460,1230.0,57.29506390589089,114.59012781178178,0.0,114.59012781178178,5.204936094109101,75.0,9.75,0.0,True,1.0,0.0,0.0,9,1,0
51139,79999764-b11e-4ee5-89cf-f2e5202374be,Page,0.0,-0.4630288558405516,0.0,0.0,2.4,565,282.5,32.45774582535675,64.9154916507135,0.0,64.9154916507135,0.0,0.0,0.0,0.0,True,1.0,0.0,0.04424778761061947,5,6,0
51141,71eba09b-3db2-42f2-a3bd-4a4627419b5f,Patrick,0.0,-0.25825307894852945,0.0,0.0,11.1,525,262.5,22.957893220978583,45.91578644195717,0.0,45.91578644195717,0.0,0.0,0.0,0.0,True,1.0,0.0,0.0,5,4,0
51143,95a31530-4c9a-4d12-973d-9cad5f52192b,Pittsylvania,1.0451994598353638,1.0451994598353638,1.0597448037374406,0.0,246.5,2505,1252.5,79.76316534121226,159.52633068242451,0.0,159.52633068242451,166.73683465878773,1300.44,169.05720000000002,0.0,True,1.0,0.0,0.05788423153692615,27,10,0
51145,7dab8cce-4d9b-43af-938e-970d17b1a089,Powhatan,0.3828564096486141,0.3828564096486141,0.20252941368170826,0.0,82.0,3150,1575.0,46.44016801817005,92.8803360363401,0.0,92.8803360363401,35.55983198182996,144.7,18.811,0.0,True,1.0,0.0,0.015873015873015872,7,4,0
51147,ad890229-7ba3-45cb-a5c2-e36dc4ee3f29,Prince Edward,0.0,-0.4528319575967456,0.952480002929717,0.0,3.0,1520,760.0,31.801192578144956,63.60238515628991,0.0,63.60238515628991,0.0,466.0,60.580000000000005,0.0,True,1.0,0.0,0.0,8,1,0
51149,2fea013f-da42-4bc3-98e3-a135e4742c7d,Prince George,0.8685570719036175,0.8685570719036175,0.4768094774262197,0.0,169.7,7340,3670.0,61.99960655055215,123.9992131011043,0.0,123.9992131011043,107.70039344944784,454.8,59.124,0.0,True,1.0,0.0,0.07084468664850137,15,2,0
51153,93b4e053-bc83-4d76-9826-1983bf8f10d3,Prince William,0.0,-0.09417329870880847,0.07658597281176181,0.1325459644763369,668.2,17780,8890.0,823.2578066869838,1428.2766133739676,218.239,1646.5156133739677,0.0,970.0,126.10000000000001,218.239,True,1.0,0.0,0.04499437570303712,35,12,23
51155,5fe7c4f1-d165-455c-908f-d36007ccb90d,Pulaski,0.2386503307269232,0.2386503307269232,0.4079570308201918,0.0,65.2,6225,3112.5,44.1345500622975,88.269100124595,0.0,88.269100124595,21.065449937702496,277.0,36.01,0.0,True,1.0,0.0,0.0,14,23,0
51157,bc719500-5807-4d29-8051-5a9a9fc6bb7b,Rappahannock,0.0,-0.5,0.0,0.0,0.0,3200,1600.0,10.169407833428147,20.338815666856295,0.0,20.338815666856295,0.0,0.0,0.0,0.0,True,1.0,0.0,0.0,5,0,0
51159,ac4b1d74-2eb8-4ef4-8652-1eea6897bdc0,Richmond,6.191216753246594,6.191216753246594,1.8914188441122428,0.0,178.9,1720,860.0,13.368271167810946,26.73654233562189,0.0,26.73654233562189,165.53172883218906,389.0,50.57,0.0,True,1.0,0.0,0.0,5,6,0
51161,4c8d25a7-960e-40fb-8dea-985a47bab720,Roanoke,0.0,-0.49294062844152997,0.05098435014450541,0.0,1.8,6925,3462.5,127.49010199359196,254.98020398718393,0.0,254.98020398718393,0.0,100.0,13.0,0.0,True,1.0,0.0,0.0,27,2,0
51163,10140e4c-37d7-47ec-bfa1-f92ce283087b,Rockbridge,0.0,-0.38505163305727425,0.48464716873149255,0.0,7.4,6120,3060.0,32.18836507563055,64.3767301512611,0.0,64.3767301512611,0.0,240.0,31.200000000000003,0.0,True,1.0,0.0,0.027777777777777776,15,2,0
51165,31654b5d-30f6-4775-a8fd-0ca3f538bb20,Rockingham,0.0,-0.3217422723745898,0.2608920812303187,0.006826061779966475,45.7,5000,2500.0,128.1851861593168,254.62037231863357,1.75,256.3703723186336,0.0,514.5,66.885,1.75,True,1.0,0.0,0.005,17,8,1
51167,ff411a73-2c82-48a7-afee-b23a3b024662,Russell,6.073121329959288,6.073121329959288,0.0,0.04501159171602556,460.0,4275,2137.5,34.99098654267873,66.83197308535746,3.15,69.98197308535747,425.00901345732126,0.0,0.0,3.15,True,1.0,0.0,0.0,15,2,1
51169,4cb5a1dc-9bac-4026-9ba8-aeaeae824795,Scott,0.0,-0.5,0.0,0.0,0.0,2500,1250.0,28.541112901805697,57.082225803611394,0.0,57.082225803611394,0.0,0.0,0.0,0.0,True,1.0,0.0,0.0,9,0,0
51171,6465e29c-c63e-45d8-9637-410b13fcd888,Shenandoah,0.0,-0.3594940690390277,0.23456044758785272,0.0,18.3,295,147.5,65.12180615736109,130.24361231472218,0.0,130.24361231472218,0.0,235.0,30.55,0.0,True,1.0,0.0,0.0847457627118644,3,2,0
51173,2d790de6-e5fb-46cb-ad43-2345f3335ffa,Smyth,0.0,-0.5,0.42403771106162763,0.0,0.0,7425,3712.5,38.32206328846611,76.64412657693222,0.0,76.64412657693222,0.0,250.0,32.5,0.0,True,1.0,0.0,0.0,13,0,0
51175,e66a4b0d-fc28-48e5-8422-3f7911aacd23,Southampton,2.486526256631156,2.486526256631156,0.3621307969392473,0.0,154.6,2685,1342.5,25.8829132435606,51.7658264871212,0.0,51.7658264871212,128.71708675643941,144.2,18.746,0.0,True,1.0,0.0,0.0,7,2,0
51177,b0748068-bbfc-40e8-873b-b23ac42a4147,Spotsylvania,0.6494364421406951,0.6494364421406951,0.2428295028560696,0.019634977613920458,506.9,10080,5040.0,220.4993601281495,432.339720256299,8.659,440.998720256299,286.4006398718505,823.75,107.0875,8.659,True,1.0,0.0,0.0,15,8,2
51179,448c48a5-8f71-461d-a52a-7feb0d2fc97c,Stafford,0.0,-0.4932680601119376,0.0,0.005454911291114784,3.3,4440,2220.0,245.1002277851463,487.5264555702926,2.674,490.2004555702926,0.0,0.0,0.0,2.674,True,1.0,0.0,0.0,7,3,1
51181,f91ef6a4-8bfa-40b2-8114-75445452c3bc,Surry,119.83621094814265,119.83621094814265,5.471839176633357,0.0,2284.3,9900,4950.0,9.491324273889552,18.982648547779103,0.0,18.982648547779103,2274.8086757261103,799.0,103.87,0.0,True,1.0,0.0,0.0,11,10,0
51183,6092b990-0f24-4265-b3cd-09a61d09abe4,Sussex,3.945616179510904,3.945616179510904,11.037836788830646,0.0,138.0,6140,3070.0,15.520908061746168,31.041816123492335,0.0,31.041816123492335,122.47909193825382,2635.65,342.6345,0.0,True,1.0,0.0,0.0,12,2,0
51185,6ce0e139-8e5c-4171-8bd8-b352e7b48f69,Tazewell,0.0,-0.5,0.22806066204226746,0.0,0.0,3850,1925.0,51.302139944816915,102.60427988963383,0.0,102.60427988963383,0.0,180.0,23.400000000000002,0.0,True,1.0,0.0,0.025974025974025976,15,0,0
51187,7422a9e0-45cf-4587-a0d7-f7d37629f620,Warren,11.420384796051538,11.420384796051538,0.021452350051910603,0.0,1372.5,5000,2500.0,57.569450293862225,115.13890058772445,0.0,115.13890058772445,1314.9305497061378,19.0,2.47,0.0,True,1.0,0.0,0.005,8,5,0
51191,e27f4701-3d5c-42e4-a951-11d6da74967e,Washington,1.221901559975426,1.221901559975426,0.18991196685280967,0.0,250.0,3025,1512.5,72.59416153951561,145.18832307903122,0.0,145.18832307903122,177.40583846048438,212.1,27.573,0.0,True,1.0,0.0,0.0,17,5,0
51193,8d50b78d-b2a6-4de6-865f-9d5397ea83c4,Westmoreland,0.5179543423667953,0.5179543423667953,0.42848775806602313,0.0,55.9,1600,800.0,27.457027134453632,54.914054268907265,0.0,54.914054268907265,28.442972865546366,181.0,23.53,0.0,True,1.0,0.0,0.0,4,4,0
51195,25971d9f-f002-4246-9288-bc71c554fae8,Wise,5.990031166891764,5.990031166891764,0.08505858139446726,0.02297449858426611,613.0,1600,800.0,47.22627551676157,92.28255103352313,2.17,94.45255103352314,565.7737244832384,61.8,8.034,2.17,True,1.0,0.0,0.0,15,2,1
51197,967e051a-656c-4edb-bf30-c16ea9e4a4ca,Wythe,0.0,-0.2286254159968946,1.0622415341633558,0.0,20.0,12375,6187.5,36.849434654077875,73.69886930815575,0.0,73.69886930815575,0.0,602.2,78.28600000000002,0.0,True,1.0,0.0,0.0,15,1,0
51199,56dba397-4fb7-4c02-be7f-4b73d6644fd5,York,0.0,-0.5,0.08406020937681812,0.0,0.0,6680,3340.0,102.84295107149819,205.68590214299638,0.0,205.68590214299638,0.0,133.0,17.29,0.0,True,1.0,0.0,0.0,23,0,0
51510,29fa9344-a87b-44f1-8eb0-fddf1d869597,Alexandria,0.0,-0.4354234801916779,0.0,0.0,29.0,3225,1612.5,224.53981792514261,449.07963585028523,0.0,449.07963585028523,0.0,0.0,0.0,0.0,True,1.0,0.0,0.007751937984496124,9,2,0
51520,8782637a-832a-458d-8f27-dbc5d97a37dd,Bristol,0.0,-0.5,0.0,0.0,0.0,900,450.0,25.85181566406525,51.7036313281305,0.0,51.7036313281305,0.0,0.0,0.0,0.0,True,1.0,0.0,0.0,11,0,0
51530,07461082-c783-44d9-b8e1-f623cd923d25,Buena Vista,0.0,-0.5,0.0,0.0,0.0,385,192.5,9.472313565023894,18.944627130047788,0.0,18.944627130047788,0.0,0.0,0.0,0.0,True,1.0,0.0,0.06493506493506493,4,0,0
51540,3afdd1c0-e5d4-49fd-b9d3-d87ff5a02298,Charlottesville,0.0,-0.5,0.0,0.0,0.0,2400,1200.0,65.13111592015682,130.26223184031363,0.0,130.26223184031363,0.0,0.0,0.0,0.0,True,1.0,0.0,0.0,6,0,0
51550,ed25a91d-ef87-4c38-adf1-c117b931ed34,Chesapeake,0.0,-0.12027087433256443,0.5350938254581992,0.0,279.9,9250,4625.0,368.552187704894,737.104375409788,0.0,737.104375409788,0.0,3034.0,394.42,0.0,True,1.0,0.0,0.0,23,9,0
51570,5fdde10c-b8f1-497b-9028-e268147d3525,Colonial Heights,0.0,-0.5,0.0,0.0,0.0,120,60.0,26.628566872616688,53.257133745233375,0.0,53.257133745233375,0.0,0.0,0.0,0.0,True,1.0,0.0,0.0,1,0,0
51580,4fc9bbd0-a7a2-4518-aa5b-8a25f2c8595f,Covington,9.256546846466017,9.256546846466017,0.0,0.0,156.5,1050,525.0,8.020255653089334,16.04051130617867,0.0,16.04051130617867,148.47974434691065,0.0,0.0,0.0,True,1.0,0.0,0.14285714285714285,7,4,0
51590,42528b6c-0f83-4725-861a-933f38fd6cad,Danville,0.0,-0.38273515807516784,0.0,0.0,15.0,1600,800.0,63.95778885548296,127.91557771096592,0.0,127.91557771096592,0.0,0.0,0.0,0.0,True,1.0,0.0,0.0,17,4,0
51595,68755ea2-6b3d-40e4-a0a1-027cceb9fbe4,Emporia,6.002423039058982,6.002423039058982,0.9484021895993345,0.0,102.5,385,192.5,7.8816772904730605,15.763354580946121,0.0,15.763354580946121,94.61832270952695,115.0,14.950000000000001,0.0,True,1.0,0.0,0.0,4,3,0
51600,79c467ec-0125-4120-9eff-3d16e204c0f2,Fairfax,0.0,-1.0,0.0,0.3298391141800796,0.0,0,0.0,0.0,72.7337006413486,35.798,108.5317006413486,0.0,0.0,0.0,35.798,False,1.0,0.0,0.0,0,0,5
51610,5db48107-24c4-41fb-940b-14f5988cc53a,Falls Church,0.0,-0.5,0.0,0.0,0.0,800,400.0,21.46324925054757,42.92649850109514,0.0,42.92649850109514,0.0,0.0,0.0,0.0,True,1.0,0.0,0.0,2,0,0
51620,3b228d40-041f-46c7-be27-3bea293f1656,Franklin,0.0,-0.23435111404551232,0.0,0.0,6.4,400,200.0,12.045975606117318,24.091951212234637,0.0,24.091951212234637,0.0,0.0,0.0,0.0,True,1.0,0.0,0.0,1,4,0
51630,8b5b5908-075b-44d7-9a2c-0a1610d6fdd9,Fredericksburg,0.0,-0.5,0.0,0.0,0.0,1160,580.0,41.90413975396194,83.80827950792388,0.0,83.80827950792388,0.0,0.0,0.0,0.0,True,1.0,0.0,0.0,5,0,0
51640,686f9751-7193-4a19-97af-5f76b1239424,Galax,0.0,-0.5,0.0,0.0,0.0,150,75.0,8.810171139479428,17.620342278958855,0.0,17.620342278958855,0.0,0.0,0.0,0.0,True,1.0,0.0,0.0,4,0,0
51650,dc3c91df-8843-4f1c-82ba-c99e917e1bce,Hampton,0.0,-0.4879490762079442,0.04214208050081903,0.0,4.8,2720,1360.0,199.15485662452966,398.3097132490593,0.0,398.3097132490593,0.0,129.12,16.785600000000002,0.0,True,1.0,0.0,0.0,11,6,0
51660,7e40423b-359a-40eb-9860-ed8acc2ce499,Harrisonburg,0.0,-0.2834719050657653,0.0,0.0,32.0,2195,1097.5,73.89341325364555,147.7868265072911,0.0,147.7868265072911,0.0,0.0,0.0,0.0,True,1.0,0.0,0.0,9,9,0
51670,890a3b18-87c3-4a26-bcbb-d2c682ba9403,Hopewell,3.2689293592781286,3.2689293592781286,0.031274094683371716,0.0,470.0,1720,860.0,62.351924803655656,124.70384960731131,0.0,124.70384960731131,407.6480751963443,30.0,3.9000000000000004,0.0,True,1.0,0.0,0.3023255813953488,5,6,0
51678,8393e0b6-e80c-48cb-9bfb-74f75be552de,Lexington,0.0,-1.0,0.0,0.0,0.0,0,0.0,0.0,21.75347941561293,0.0,21.75347941561293,0.0,0.0,0.0,0.0,False,1.0,0.0,0.0,0,0,0
51680,6c845868-e99d-4eee-ae76-550538cfe959,Lynchburg,0.0,-0.4521186261983528,0.012449157188428279,0.0,10.0,1700,850.0,104.42473978948343,208.84947957896685,0.0,208.84947957896685,0.0,20.0,2.6,0.0,True,1.0,0.0,0.0,16,4,0
51683,7ac4a2ac-347a-4f1e-b2b6-54866a41fe9e,Manassas,0.0,-0.18832281732916792,0.0,0.1842766736447926,47.5,1960,980.0,76.20063745597574,124.31727491195149,28.084,152.40127491195148,0.0,0.0,0.0,28.084,True,1.0,0.0,0.40816326530612246,7,26,5
51685,cf0590c6-d246-4d82-8a4b-151f2a7cf593,Manassas Park,0.0,-0.5,0.0,0.0,0.0,640,320.0,23.570933813421686,47.14186762684337,0.0,47.14186762684337,0.0,0.0,0.0,0.0,True,1.0,0.0,0.0,3,0,0
51690,e767eefa-8ef8-4757-8e1c-c18d7e996a9c,Martinsville,0.0,-0.5,0.0,0.0,0.0,100,50.0,18.096533612720187,36.19306722544037,0.0,36.19306722544037,0.0,0.0,0.0,0.0,True,1.0,0.0,0.0,4,0,0
51700,94b1f091-0e14-44f4-a537-703b9ca99a01,Newport News,0.0,-0.5,0.0,0.0,0.0,5760,2880.0,265.816889869664,531.633779739328,0.0,531.633779739328,0.0,0.0,0.0,0.0,True,1.0,0.0,0.0,20,0,0
51710,a13b12cb-9307-484d-a6e3-7ebe4395b11e,Norfolk,0.0,-0.4986029336545913,0.0,0.0,0.94,1840,920.0,336.4192413227833,672.8384826455666,0.0,672.8384826455666,0.0,0.0,0.0,0.0,True,1.0,0.0,0.0,6,1,0
51720,92a7e879-b4e7-4842-980c-a2a4f528990c,Norton,0.0,-0.5,0.0,0.0,0.0,825,412.5,4.5793146835762935,9.158629367152587,0.0,9.158629367152587,0.0,0.0,0.0,0.0,True,1.0,0.0,0.0,7,0,0
51730,2ac3ecaa-b31e-420c-a48f-336be8faf25c,Petersburg,0.0,-0.5,0.0,0.0,0.0,2320,1160.0,48.0879682153519,96.1759364307038,0.0,96.1759364307038,0.0,0.0,0.0,0.0,True,1.0,0.0,0.0,10,0,0
51735,3cf88798-807a-466d-95e3-cf81ea54a526,Poquoson,0.0,-1.0,0.0,0.0,0.0,0,0.0,0.0,37.777050717984096,0.0,37.777050717984096,0.0,0.0,0.0,0.0,False,1.0,0.0,0.0,0,0,0
51740,e697688a-49ca-4c53-a2e4-f17a0dab1f7f,Portsmouth,0.0,-0.5,0.0,0.0,0.0,2810,1405.0,141.13316864830335,282.2663372966067,0.0,282.2663372966067,0.0,0.0,0.0,0.0,True,1.0,0.0,0.0,11,0,0
51750,0f1342c9-151c-4325-bf64-4054f13e4ee7,Radford,0.0,-0.5,0.0,0.0,0.0,500,250.0,22.255886793792012,44.511773587584024,0.0,44.511773587584024,0.0,0.0,0.0,0.0,True,1.0,0.0,0.0,5,0,0
51760,04e594ca-a77a-4608-8690-1884089be36f,Richmond,0.0,-0.41856022262032416,0.0,0.0,55.0,2395,1197.5,337.6728287430573,675.3456574861146,0.0,675.3456574861146,0.0,0.0,0.0,0.0,True,1.0,0.0,0.0,13,2,0
51770,02a98a87-b6fe-4eed-868e-493d386ab680,Roanoke,0.0,-0.5,0.0,0.0,0.0,1650,825.0,127.42511035010737,254.85022070021475,0.0,254.85022070021475,0.0,0.0,0.0,0.0,True,1.0,0.0,0.0,16,0,0
51775,b16ff5b1-cfaa-4202-b806-863e355a18e1,Salem,0.0,-0.5,0.0,0.0,0.0,600,300.0,33.74860652004071,67.49721304008142,0.0,67.49721304008142,0.0,0.0,0.0,0.0,True,1.0,0.0,0.0,9,0,0
51790,f636b42a-c604-471b-b801-d355be06997c,Staunton,0.0,-0.5,0.0,0.0,0.0,760,380.0,38.083919468786945,76.16783893757389,0.0,76.16783893757389,0.0,0.0,0.0,0.0,True,1.0,0.0,0.0,4,0,0
51800,bc71c2ef-530f-4967-855c-f13a0c1a0068,Suffolk,0.0,-0.3145684570701228,0.16533738130755032,0.0,53.8,10265,5132.5,145.06701273673008,290.13402547346016,0.0,290.13402547346016,0.0,369.0,47.97,0.0,True,1.0,0.0,0.0,17,4,0
51810,3fd0bc49-9d74-4d7f-9bb4-34ec82d6d24c,Virginia Beach,0.0,-0.48665057065585504,0.10847397379512508,0.003318395078445122,17.6,3320,1660.0,659.2042081453973,1314.0334162907945,4.375,1318.4084162907945,0.0,1100.1,143.013,4.375,True,1.0,0.0,0.0,9,1,1
51820,da49a217-115b-4fc7-a899-f02e8668963e,Waynesboro,0.0,-0.5,0.0,0.0,0.0,360,180.0,33.58150843280039,67.16301686560078,0.0,67.16301686560078,0.0,0.0,0.0,0.0,True,1.0,0.0,0.0,3,0,0
51830,01c37f6f-ba95-4123-9ac9-c779f6a0e13d,Williamsburg,0.0,-0.5,0.05669409870100156,0.0,0.0,1840,920.0,22.930076141717272,45.860152283434545,0.0,45.860152283434545,0.0,20.0,2.6,0.0,True,1.0,0.0,0.0,6,0,0
51840,cc1383e5-1c45-4476-8965-ae5dc5c24d18,Winchester,0.0,-1.0,0.0,0.0,0.0,0,0.0,0.0,75.70533893476055,0.0,75.70533893476055,0.0,0.0,0.0,0.0,False,1.0,0.0,0.0,0,0,0
