iso3,name,level,method,verified,ne_adm1_units,gb_adm1_units,gb_year,counts_agree
ABW,Aruba,ADM1,ne_as_is,false,1.0,,,
AFG,Afghanistan,ADM1,ne_as_is,false,34.0,34.0,2007,True
AGO,Angola,ADM1,ne_as_is,false,18.0,18.0,2021,True
AIA,Anguilla,ADM1,ne_as_is,false,15.0,,,
ALA,Åland,ADM1,ne_as_is,false,,,,
ALB,Albania,ADM1,ne_as_is,false,12.0,12.0,2021,True
AND,Andorra,ADM1,ne_as_is,false,7.0,7.0,2007,True
ARE,United Arab Emirates,ADM1,ne_as_is,false,9.0,7.0,2017,False
ARG,Argentina,ADM1,ne_as_is,false,24.0,23.0,2006,False
ARM,Armenia,ADM1,ne_as_is,false,11.0,11.0,2005,True
ASM,American Samoa,ADM1,ne_as_is,false,5.0,,,
ATA,Antarctica,ADM1,ne_as_is,false,2.0,,,
ATF,Fr. S. and Antarctic Lands,ADM1,ne_as_is,false,4.0,,,
ATG,Antigua and Barb.,ADM1,ne_as_is,false,8.0,8.0,2009,True
AUS,Australia,ADM1,ne_as_is,false,11.0,9.0,2021,False
AUT,Austria,ADM1,ne_as_is,false,9.0,9.0,2017,True
AZE,Azerbaijan,ADM1,ne_as_is,false,78.0,2.0,2021,False
BDI,Burundi,ADM1,ne_as_is,false,17.0,18.0,2014,False
BEL,Belgium,ADM1,ne_as_is,false,11.0,3.0,2022,False
BEN,Benin,ADM1,ne_as_is,false,12.0,12.0,2012,True
BFA,Burkina Faso,ADM1,ne_as_is,false,45.0,13.0,2017,False
BGD,Bangladesh,ADM1,ne_as_is,false,7.0,8.0,2015,False
BGR,Bulgaria,ADM1,ne_as_is,false,28.0,28.0,2019,True
BHR,Bahrain,ADM1,ne_as_is,false,5.0,4.0,2017,False
BHS,Bahamas,ADM1,ne_as_is,false,30.0,32.0,09-09-2017 to 24-08-2020,False
BIH,Bosnia and Herz.,ADM1,ne_as_is,false,18.0,3.0,2013,False
BLM,St-Barthélemy,ADM1,ne_as_is,false,1.0,,,
BLR,Belarus,ADM1,ne_as_is,false,7.0,7.0,2005,True
BLZ,Belize,ADM1,ne_as_is,false,6.0,6.0,2006,True
BMU,Bermuda,ADM1,ne_as_is,false,11.0,,,
BOL,Bolivia,ADM1,ne_as_is,false,9.0,9.0,2015,True
BRA,Brazil,ADM1,ne_as_is,false,27.0,27.0,2006,True
BRB,Barbados,ADM1,ne_as_is,false,11.0,11.0,2005,True
BRN,Brunei,ADM1,ne_as_is,false,4.0,4.0,2011,True
BRT,Bir Tawil,ADM1,ne_as_is,false,,,,
BTN,Bhutan,ADM1,ne_as_is,false,20.0,20.0,2010,True
BWA,Botswana,ADM1,ne_as_is,false,15.0,10.0,2017,False
CAF,Central African Rep.,ADM1,ne_as_is,false,17.0,17.0,2006,True
CAN,Canada,ADM1,ne_as_is,false,13.0,13.0,2023,True
CHE,Switzerland,ADM1,ne_as_is,false,26.0,26.0,2022,True
CHL,Chile,ADM1,ne_as_is,false,16.0,16.0,2020,True
CHN,China,ADM1,ne_as_is,false,32.0,34.0,2019,False
CIV,Côte d'Ivoire,ADM1,ne_as_is,false,19.0,14.0,2016,False
CMR,Cameroon,ADM1,ne_as_is,false,10.0,10.0,2016,True
COD,Democratic Republic of the Congo,ADM1,ne_as_is,false,11.0,26.0,2017,False
COG,Republic of the Congo,ADM1,ne_as_is,false,12.0,12.0,2017,True
COK,Cook Is.,ADM1,ne_as_is,false,11.0,,,
COL,Colombia,ADM1,ne_as_is,false,34.0,33.0,2017,False
COM,Comoros,ADM1,ne_as_is,false,3.0,3.0,2017,True
CPV,Cabo Verde,ADM1,ne_as_is,false,22.0,22.0,2017,True
CRI,Costa Rica,ADM1,ne_as_is,false,7.0,7.0,2017,True
CUB,Cuba,ADM1,ne_as_is,false,16.0,16.0,2017,True
CUW,Curaçao,ADM1,ne_as_is,false,1.0,,,
CYM,Cayman Is.,ADM1,ne_as_is,false,1.0,,,
CYP,Cyprus,ADM1,ne_as_is,false,5.0,6.0,2017,False
CZE,Czechia,ADM1,ne_as_is,false,14.0,14.0,2021,True
DEU,Germany,ADM1,ne_as_is,false,16.0,16.0,2021,True
DJI,Djibouti,ADM1,ne_as_is,false,6.0,6.0,2021,True
DMA,Dominica,ADM1,ne_as_is,false,10.0,10.0,2005,True
DNK,Denmark,ADM1,ne_as_is,false,5.0,5.0,2021,True
DOM,Dominican Rep.,ADM1,ne_as_is,false,32.0,32.0,2022,True
DZA,Algeria,ADM1,ne_as_is,false,48.0,48.0,2017,True
ECU,Ecuador,ADM1,ne_as_is,false,24.0,24.0,2011,True
EGY,Egypt,ADM1,ne_as_is,false,27.0,27.0,2017,True
ERI,Eritrea,ADM1,ne_as_is,false,6.0,6.0,2017,True
ESH,W. Sahara,ADM1,ne_as_is,false,,,,
ESP,Spain,ADM1,ne_as_is,false,52.0,19.0,2017,False
EST,Estonia,ADM1,ne_as_is,false,15.0,15.0,2016,True
ETH,Ethiopia,ADM1,ne_as_is,false,11.0,11.0,2016,True
FIN,Finland,ADM1,ne_as_is,false,18.0,19.0,2017,False
FJI,Fiji,ADM1,ne_as_is,false,5.0,4.0,2006,False
FLK,Falkland Is.,ADM1,ne_as_is,false,1.0,,,
FRA,France,ADM1,ne_as_is,false,101.0,13.0,2022,False
FRO,Faeroe Islands,ADM1,ne_as_is,false,1.0,,,
FSM,Micronesia,ADM1,ne_as_is,false,4.0,4.0,2019,True
GAB,Gabon,ADM1,ne_as_is,false,9.0,9.0,2005,True
GBR,United Kingdom,ADM1,ne_as_is,false,232.0,4.0,2021,False
GEO,Georgia,ADM1,ne_as_is,false,12.0,12.0,2015,True
GGY,Guernsey,ADM1,ne_as_is,false,1.0,,,
GHA,Ghana,ADM1,ne_as_is,false,10.0,16.0,2021,False
GIB,Gibraltar,ADM1,ne_as_is,false,1.0,,,
GIN,Guinea,ADM1,ne_as_is,false,34.0,8.0,2017,False
GMB,Gambia,ADM1,ne_as_is,false,6.0,8.0,2020,False
GNB,Guinea-Bissau,ADM1,ne_as_is,false,9.0,9.0,2017,True
GNQ,Eq. Guinea,ADM1,ne_as_is,false,7.0,7.0,2016,True
GRC,Greece,ADM1,ne_as_is,false,14.0,8.0,2016,False
GRD,Grenada,ADM1,ne_as_is,false,7.0,7.0,2017,True
GRL,Greenland,ADM1,ne_as_is,false,6.0,6.0,2020,True
GTM,Guatemala,ADM1,ne_as_is,false,22.0,22.0,2017,True
GUM,Guam,ADM1,ne_as_is,false,1.0,,,
GUY,Guyana,ADM1,ne_as_is,false,10.0,10.0,2017,True
HKG,Hong Kong,ADM1,ne_as_is,false,18.0,,,
HMD,Heard I. and McDonald Is.,ADM1,ne_as_is,false,1.0,,,
HND,Honduras,ADM1,ne_as_is,false,18.0,18.0,2017,True
HRV,Croatia,ADM1,ne_as_is,false,21.0,21.0,2017,True
HTI,Haiti,ADM1,ne_as_is,false,10.0,10.0,2017,True
HUN,Hungary,ADM1,ne_as_is,false,43.0,20.0,2011,False
IDN,Indonesia,ADM1,ne_as_is,false,33.0,34.0,2017,False
IMN,Isle of Man,ADM1,ne_as_is,false,1.0,,,
IND,India,ADM1,ne_as_is,false,36.0,36.0,2011,True
IOT,Br. Indian Ocean Ter.,ADM1,ne_as_is,false,1.0,,,
IRL,Ireland,ADM1,ne_as_is,false,34.0,4.0,2022,False
IRN,Iran,ADM1,ne_as_is,false,31.0,33.0,2017,False
IRQ,Iraq,ADM1,ne_as_is,false,18.0,18.0,2022,True
ISL,Iceland,ADM1,ne_as_is,false,9.0,8.0,2017,False
ISR,Israel,ADM1,ne_as_is,false,6.0,6.0,2006,True
ITA,Italy,ADM1,ne_as_is,false,110.0,5.0,2023,False
JAM,Jamaica,ADM1,ne_as_is,false,14.0,14.0,2011,True
JEY,Jersey,ADM1,ne_as_is,false,1.0,,,
JOR,Jordan,ADM1,ne_as_is,false,12.0,12.0,2006,True
JPN,Japan,ADM1,ne_as_is,false,47.0,47.0,2017,True
KAZ,Kazakhstan,ADM1,ne_as_is,false,16.0,16.0,2017,True
KEN,Kenya,ADM1,ne_as_is,false,8.0,47.0,2020,False
KGZ,Kyrgyzstan,ADM1,ne_as_is,false,8.0,7.0,2017,False
KHM,Cambodia,ADM1,ne_as_is,false,24.0,25.0,2017,False
KIR,Kiribati,ADM1,ne_as_is,false,2.0,3.0,2017,False
KNA,Saint Kitts and Nevis,ADM1,ne_as_is,false,14.0,14.0,2021,True
KOR,Republic of Korea,ADM1,ne_as_is,false,17.0,17.0,2021,True
KWT,Kuwait,ADM1,ne_as_is,false,6.0,6.0,2017,True
LAO,Laos,ADM1,ne_as_is,false,17.0,18.0,2017,False
LBN,Lebanon,ADM1,ne_as_is,false,6.0,9.0,2017,False
LBR,Liberia,ADM1,ne_as_is,false,15.0,15.0,2021,True
LBY,Libya,ADM1,ne_as_is,false,22.0,22.0,2021,True
LCA,Saint Lucia,ADM1,ne_as_is,false,11.0,10.0,2015,False
LIE,Liechtenstein,ADM1,ne_as_is,false,11.0,11.0,2017,True
LKA,Sri Lanka,ADM1,ne_as_is,false,25.0,9.0,2017,False
LSO,Lesotho,ADM1,ne_as_is,false,10.0,10.0,2017,True
LTU,Lithuania,ADM1,ne_as_is,false,10.0,10.0,2017,True
LUX,Luxembourg,ADM1,ne_as_is,false,3.0,12.0,2017,False
LVA,Latvia,ADM1,ne_as_is,false,119.0,43.0,2021,False
MAC,Macao,ADM1,ne_as_is,false,1.0,,,
MAF,Saint-Martin,ADM1,ne_as_is,false,1.0,,,
MAR,Morocco,ADM1,ne_as_is,false,16.0,12.0,2017,False
MCO,Monaco,ADM1,ne_as_is,false,1.0,1.0,2017,True
MDA,Moldova,ADM1,ne_as_is,false,40.0,37.0,2020,False
MDG,Madagascar,ADM1,ne_as_is,false,22.0,22.0,2017,True
MDV,Maldives,ADM1,ne_as_is,false,21.0,21.0,2017,True
MEX,Mexico,ADM1,ne_as_is,false,33.0,32.0,2020,False
MHL,Marshall Is.,ADM1,ne_as_is,false,2.0,24.0,2017,False
MKD,North Macedonia,ADM1,ne_as_is,false,84.0,8.0,2016,False
MLI,Mali,ADM1,ne_as_is,false,9.0,9.0,2021,True
MLT,Malta,ADM1,ne_as_is,false,68.0,68.0,2022,True
MMR,Myanmar,ADM1,ne_as_is,false,14.0,14.0,2019,True
MNE,Montenegro,ADM1,ne_as_is,false,21.0,23.0,2017,False
MNG,Mongolia,ADM1,ne_as_is,false,22.0,22.0,2017,True
MNP,N. Mariana Is.,ADM1,ne_as_is,false,4.0,,,
MOZ,Mozambique,ADM1,ne_as_is,false,11.0,10.0,2017,False
MRT,Mauritania,ADM1,ne_as_is,false,13.0,13.0,2015,True
MSR,Montserrat,ADM1,ne_as_is,false,3.0,,,
MUS,Mauritius,ADM1,ne_as_is,false,16.0,12.0,2017,False
MWI,Malawi,ADM1,ne_as_is,false,28.0,3.0,2017,False
MYS,Malaysia,ADM1,ne_as_is,false,16.0,16.0,2017,True
NAM,Namibia,ADM1,ne_as_is,false,13.0,14.0,2022,False
NCL,New Caledonia,ADM1,ne_as_is,false,3.0,,,
NER,Niger,ADM1,ne_as_is,false,8.0,6.0,2012,False
NFK,Norfolk Island,ADM1,ne_as_is,false,1.0,,,
NGA,Nigeria,ADM1,ne_as_is,false,37.0,37.0,2022,True
NIC,Nicaragua,ADM1,ne_as_is,false,17.0,17.0,2017,True
NIU,Niue,ADM1,ne_as_is,false,1.0,14.0,2020,False
NLD,Netherlands,ADM1,ne_as_is,false,15.0,12.0,2022,False
NOR,Norway,ADM1,ne_as_is,false,21.0,11.0,2022,False
NPL,Nepal,ADM1,ne_as_is,false,14.0,7.0,2020,False
NRU,Nauru,ADM1,ne_as_is,false,14.0,14.0,2005,True
NZL,New Zealand,ADM1,ne_as_is,false,24.0,17.0,2017,False
OMN,Oman,ADM1,ne_as_is,false,11.0,7.0,2010,False
PAK,Pakistan,ADM1,ne_as_is,false,8.0,7.0,2019,False
PAN,Panama,ADM1,ne_as_is,false,12.0,13.0,2017,False
PCN,Pitcairn Is.,ADM1,ne_as_is,false,1.0,,,
PER,Peru,ADM1,ne_as_is,false,26.0,26.0,2008,True
PGA,Spratly Is.,ADM1,ne_as_is,false,1.0,,,
PHL,Philippines,ADM1,ne_as_is,false,118.0,17.0,2020,False
PLW,Palau,ADM1,ne_as_is,false,16.0,16.0,2017,True
PNG,Papua New Guinea,ADM1,ne_as_is,false,20.0,22.0,2019,False
POL,Poland,ADM1,ne_as_is,false,16.0,16.0,2017,True
PRI,Puerto Rico,ADM1,ne_as_is,false,1.0,,,
PRK,Dem. Rep. Korea,ADM1,ne_as_is,false,11.0,11.0,2018,True
PRT,Portugal,ADM1,ne_as_is,false,20.0,20.0,2016,True
PRY,Paraguay,ADM1,ne_as_is,false,18.0,18.0,2012,True
PSE,Palestine,ADM1,ne_as_is,false,,2.0,2021,
PYF,Fr. Polynesia,ADM1,ne_as_is,false,5.0,,,
QAT,Qatar,ADM1,ne_as_is,false,7.0,8.0,2015,False
ROU,Romania,ADM1,ne_as_is,false,42.0,42.0,2017,True
RUS,Russia,ADM1,ne_as_is,false,86.0,83.0,2017,False
RWA,Rwanda,ADM1,ne_as_is,false,5.0,5.0,2020,True
SAU,Saudi Arabia,ADM1,ne_as_is,false,13.0,13.0,2017,True
SCR,Scarborough Reef,ADM1,ne_as_is,false,,,,
SDN,Sudan,ADM1,ne_as_is,false,17.0,19.0,2020,False
SEN,Senegal,ADM1,ne_as_is,false,14.0,14.0,2019,True
SGP,Singapore,ADM1,ne_as_is,false,5.0,5.0,2016,True
SGS,S. Geo. and the Is.,ADM1,ne_as_is,false,1.0,,,
SHN,Saint Helena,ADM1,ne_as_is,false,3.0,,,
SLB,Solomon Is.,ADM1,ne_as_is,false,10.0,10.0,2021,True
SLE,Sierra Leone,ADM1,ne_as_is,false,4.0,4.0,2014,True
SLV,El Salvador,ADM1,ne_as_is,false,14.0,14.0,2021,True
SMR,San Marino,ADM1,ne_as_is,false,9.0,9.0,2017,True
SOM,Somalia,ADM1,ne_as_is,false,13.0,18.0,2015,False
SPM,St. Pierre and Miquelon,ADM1,ne_as_is,false,2.0,,,
SRB,Serbia,ADM1,ne_as_is,false,25.0,25.0,2017,True
SSD,S. Sudan,ADM1,ne_as_is,false,,10.0,2020,
STP,Sao Tome and Principe,ADM1,ne_as_is,false,2.0,2.0,2017,True
SUR,Suriname,ADM1,ne_as_is,false,10.0,10.0,2017,True
SVK,Slovakia,ADM1,ne_as_is,false,8.0,8.0,2017,True
SVN,Slovenia,ADM1,ne_as_is,false,193.0,2.0,2021,False
SWE,Sweden,ADM1,ne_as_is,false,21.0,21.0,2009,True
SWZ,eSwatini,ADM1,ne_as_is,false,4.0,4.0,2017,True
SXM,Sint Maarten,ADM1,ne_as_is,false,1.0,,,
SYC,Seychelles,ADM1,ne_as_is,false,26.0,26.0,2018,True
SYR,Syria,ADM1,ne_as_is,false,15.0,14.0,2017,False
TCA,Turks and Caicos Is.,ADM1,ne_as_is,false,6.0,,,
TCD,Chad,ADM1,ne_as_is,false,22.0,23.0,2017,False
TGO,Togo,ADM1,ne_as_is,false,5.0,5.0,2017,True
THA,Thailand,ADM1,ne_as_is,false,77.0,77.0,2017,True
TJK,Tajikistan,ADM1,ne_as_is,false,5.0,5.0,2017,True
TKM,Turkmenistan,ADM1,ne_as_is,false,5.0,6.0,2007,False
TLS,Timor-Leste,ADM1,ne_as_is,false,13.0,13.0,2017,True
TON,Tonga,ADM1,ne_as_is,false,5.0,5.0,2017,True
TTO,Trinidad and Tobago,ADM1,ne_as_is,false,16.0,14.0,2017,False
TUN,Tunisia,ADM1,ne_as_is,false,23.0,24.0,2017,False
TUR,Turkey,ADM1,ne_as_is,false,81.0,81.0,2021,True
TUV,Tuvalu,ADM1,ne_as_is,false,1.0,8.0,2017,False
TWN,Taiwan,ADM1,ne_as_is,false,21.0,22.0,2017,False
TZA,Tanzania,ADM1,ne_as_is,false,30.0,30.0,2015,True
UGA,Uganda,ADM1,ne_as_is,false,112.0,4.0,2017,False
UKR,Ukraine,ADM1,ne_as_is,false,25.0,27.0,2017,False
UMI,U.S. Minor Outlying Is.,ADM1,ne_as_is,false,8.0,,,
URY,Uruguay,ADM1,ne_as_is,false,19.0,19.0,2017,True
USA,United States,ADM1,ne_as_is,false,51.0,56.0,2018,False
UZB,Uzbekistan,ADM1,ne_as_is,false,14.0,14.0,2017,True
VAT,Vatican,ADM1,ne_as_is,false,1.0,,,
VCT,St. Vin. and Gren.,ADM1,ne_as_is,false,6.0,6.0,2017,True
VEN,Venezuela,ADM1,ne_as_is,false,26.0,25.0,2020,False
VGB,British Virgin Is.,ADM1,ne_as_is,false,1.0,,,
VIR,U.S. Virgin Is.,ADM1,ne_as_is,false,3.0,,,
VNM,Vietnam,ADM1,ne_as_is,false,63.0,64.0,2008,False
VUT,Vanuatu,ADM1,ne_as_is,false,6.0,6.0,2017,True
WLF,Wallis and Futuna Islands,ADM1,ne_as_is,false,3.0,,,
WSM,Samoa,ADM1,ne_as_is,false,11.0,11.0,2018,True
XKX,Kosovo,ADM1,ne_as_is,false,,48.0,2021,
YEM,Yemen,ADM1,ne_as_is,false,21.0,22.0,2017,False
ZAF,South Africa,ADM1,ne_as_is,false,9.0,9.0,2020,True
ZMB,Zambia,ADM1,ne_as_is,false,10.0,10.0,2020,True
ZWE,Zimbabwe,ADM1,ne_as_is,false,10.0,10.0,2020,True
